,Time,Amount,Class
0,166198.0,25691.16,0
1,48401.0,19656.53,0
2,95286.0,18910.0,0
3,42951.0,12910.93,0
4,46253.0,11898.09,0
5,119713.0,11789.84,0
6,172273.0,10199.44,0
7,145283.0,10000.0,0
8,55709.0,8790.26,0
9,152763.0,8787.0,0
10,144755.0,8360.0,0
11,145381.0,8182.7,0
12,30537.0,7879.42,0
13,150726.0,7862.39,0
14,128027.0,7766.6,0
15,1264.0,7712.43,0
16,47807.0,7636.3,0
17,133971.0,7583.32,0
18,141546.0,7541.7,0
19,32605.0,7429.15,0
20,145630.0,7367.0,0
21,145548.0,6998.0,0
22,140335.0,6982.67,0
23,38763.0,6950.51,0
24,149657.0,6900.47,0
25,141031.0,6828.0,0
26,41978.0,6669.0,0
27,128701.0,6652.89,0
28,43684.0,6511.0,0
29,132779.0,6454.74,0
30,67676.0,6239.54,0
31,27283.0,6130.21,0
32,63675.0,6000.0,0
33,142019.0,5964.95,0
34,47379.0,5934.9,0
35,122452.0,5918.0,0
36,132153.0,5714.58,0
37,141764.0,5714.2,0
38,101160.0,5707.82,0
39,44045.0,5680.0,0
40,79270.0,5667.56,0
41,52672.0,5657.54,0
42,150149.0,5627.06,0
43,50160.0,5446.07,0
44,111347.0,5420.61,0
45,131357.0,5356.42,0
46,50257.0,5341.41,0
47,59360.0,5317.28,0
48,69311.0,5303.69,0
49,86326.0,5268.04,0
50,55484.0,5259.0,0
51,29601.0,5239.5,0
52,46570.0,5130.3,0
53,43164.0,5114.1,0
54,138975.0,5026.26,0
55,145150.0,4959.85,0
56,130626.0,4956.31,0
57,32987.0,4907.01,0
58,118597.0,4905.0,0
59,52531.0,4901.0,0
60,119969.0,4861.64,0
61,121450.0,4861.64,0
62,125199.0,4833.0,0
63,148339.0,4781.44,0
64,127598.0,4738.79,0
65,71861.0,4726.3,0
66,141633.0,4692.65,0
67,138363.0,4675.0,0
68,53394.0,4652.24,0
69,119237.0,4651.39,0
70,142169.0,4644.25,0
71,75180.0,4642.2,0
72,119550.0,4633.95,0
73,43851.0,4627.1,0
74,122143.0,4585.0,0
75,43081.0,4584.88,0
76,121340.0,4543.64,0
77,124809.0,4500.0,0
78,137059.0,4487.49,0
79,37373.0,4476.72,0
80,155131.0,4465.04,0
81,103891.0,4462.71,0
82,40358.0,4457.43,0
83,119298.0,4395.34,0
84,121530.0,4377.98,0
85,165682.0,4361.17,0
86,63076.0,4351.1,0
87,123549.0,4350.0,0
88,38721.0,4338.25,0
89,62965.0,4337.0,0
90,163427.0,4323.08,0
91,33304.0,4313.82,0
92,33309.0,4313.82,0
93,146271.0,4290.0,0
94,62303.0,4281.72,0
95,42146.0,4276.82,0
96,84010.0,4276.82,0
97,50461.0,4275.58,0
98,50486.0,4275.58,0
99,52840.0,4249.73,0
100,130956.0,4248.34,0
101,72054.0,4229.51,0
102,135284.0,4190.0,0
103,136129.0,4171.8,0
104,34063.0,4140.2,0
105,44706.0,4112.89,0
106,58342.0,4111.0,0
107,129041.0,4106.04,0
108,33687.0,4103.75,0
109,142536.0,4102.74,0
110,63082.0,4099.3,0
111,139951.0,4097.4,0
112,47305.0,4080.3,0
113,67770.0,4063.17,0
114,148397.0,4041.2,0
115,44547.0,4024.33,0
116,147170.0,4012.24,0
117,43458.0,4008.36,0
118,8544.0,4002.88,0
119,64594.0,4002.0,0
120,27147.0,4000.0,0
121,39080.0,4000.0,0
122,111881.0,4000.0,0
123,151245.0,3995.94,0
124,10538.0,3995.92,0
125,164989.0,3990.12,0
126,36658.0,3980.0,0
127,79797.0,3974.58,0
128,53607.0,3937.13,0
129,125708.0,3932.5,0
130,66618.0,3929.03,0
131,139069.0,3917.92,0
132,118515.0,3908.0,0
133,138218.0,3907.9,0
134,119595.0,3898.37,0
135,140251.0,3896.83,0
136,32351.0,3889.0,0
137,54696.0,3882.66,0
138,62617.0,3849.85,0
139,129252.0,3848.01,0
140,103.0,3828.04,0
141,39739.0,3821.79,0
142,171560.0,3820.86,0
143,41663.0,3820.0,0
144,127224.0,3804.63,0
145,64767.0,3803.29,0
146,75261.0,3790.39,0
147,159761.0,3789.8,0
148,141925.0,3783.15,0
149,103916.0,3774.7,0
150,58797.0,3769.6,0
151,75050.0,3763.67,0
152,73778.0,3759.39,0
153,74657.0,3759.39,0
154,152443.0,3758.25,0
155,66674.0,3745.52,0
156,75524.0,3740.25,0
157,54994.0,3728.45,0
158,129091.0,3721.4,0
159,53296.0,3693.0,0
160,57030.0,3692.76,0
161,82668.0,3690.24,0
162,47146.0,3684.62,0
163,42721.0,3679.64,0
164,170302.0,3670.0,0
165,109959.0,3669.42,0
166,1698.0,3669.0,0
167,137926.0,3655.11,0
168,129694.0,3651.81,0
169,140441.0,3648.57,0
170,86032.0,3629.22,0
171,50716.0,3617.0,0
172,32952.0,3610.0,0
173,73813.0,3605.62,0
174,59737.0,3605.12,0
175,41993.0,3603.26,0
176,103898.0,3595.72,0
177,108434.0,3590.45,0
178,29351.0,3588.64,0
179,128491.0,3576.45,0
180,143922.0,3563.19,0
181,140818.0,3561.84,0
182,121712.0,3556.43,0
183,146772.0,3552.96,0
184,50811.0,3546.0,0
185,35578.0,3526.23,0
186,122021.0,3521.42,0
187,60267.0,3516.12,0
188,140711.0,3510.95,0
189,123546.0,3507.54,0
190,161785.0,3502.13,0
191,141655.0,3502.11,0
192,43763.0,3500.0,0
193,125257.0,3500.0,0
194,135753.0,3500.0,0
195,80330.0,3497.7,0
196,139348.0,3492.39,0
197,63821.0,3480.88,0
198,50606.0,3468.0,0
199,42726.0,3465.66,0
200,31751.0,3463.6,0
201,124730.0,3460.56,0
202,160516.0,3454.92,0
203,35392.0,3449.97,0
204,43109.0,3425.0,0
205,140310.0,3424.92,0
206,121641.0,3419.12,0
207,41115.0,3418.41,0
208,144771.0,3416.79,0
209,29491.0,3405.06,0
210,107983.0,3400.0,0
211,80619.0,3394.61,0
212,55467.0,3386.0,0
213,82813.0,3383.28,0
214,30235.0,3382.0,0
215,156374.0,3379.6,0
216,156375.0,3379.6,0
217,119366.0,3378.0,0
218,62645.0,3363.79,0
219,146361.0,3362.0,0
220,137630.0,3360.0,0
221,121007.0,3352.44,0
222,53364.0,3347.84,0
223,37023.0,3336.0,0
224,122863.0,3335.73,0
225,160517.0,3320.87,0
226,142143.0,3319.2,0
227,52679.0,3317.33,0
228,66762.0,3307.14,0
229,123471.0,3297.9,0
230,50969.0,3291.0,0
231,127678.0,3268.19,0
232,48219.0,3253.61,0
233,147129.0,3249.73,0
234,133880.0,3237.21,0
235,68323.0,3231.27,0
236,68918.0,3209.39,0
237,38365.0,3209.0,0
238,38417.0,3209.0,0
239,129537.0,3208.62,0
240,51300.0,3208.53,0
241,37449.0,3202.91,0
242,44622.0,3200.0,0
243,126922.0,3199.21,0
244,119281.0,3185.75,0
245,41343.0,3180.0,0
246,121334.0,3178.9,0
247,62216.0,3169.73,0
248,48625.0,3168.8,0
249,124154.0,3167.74,0
250,126822.0,3165.51,0
251,84259.0,3164.76,0
252,127307.0,3159.0,0
253,169293.0,3153.32,0
254,69333.0,3152.32,0
255,75007.0,3135.0,0
256,119780.0,3119.0,0
257,49013.0,3118.0,0
258,125500.0,3115.67,0
259,125592.0,3115.67,0
260,54493.0,3113.91,0
261,64276.0,3106.44,0
262,33723.0,3106.41,0
263,137500.0,3104.97,0
264,170137.0,3100.0,0
265,154388.0,3097.98,0
266,154443.0,3097.98,0
267,75163.0,3085.14,0
268,37009.0,3078.84,0
269,35399.0,3075.0,0
270,114821.0,3075.0,0
271,146985.0,3068.21,0
272,35638.0,3055.88,0
273,45502.0,3050.69,0
274,148219.0,3050.27,0
275,57303.0,3042.63,0
276,133952.0,3039.46,0
277,52897.0,3033.4,0
278,71306.0,3032.67,0
279,160389.0,3028.0,0
280,101506.0,3026.52,0
281,36469.0,3023.76,0
282,109266.0,3018.5,0
283,123290.0,3017.28,0
284,36762.0,3000.0,0
285,43155.0,3000.0,0
286,44521.0,3000.0,0
287,69818.0,3000.0,0
288,146473.0,3000.0,0
289,171514.0,2992.05,0
290,129350.0,2982.04,0
291,79842.0,2981.78,0
292,58458.0,2980.89,0
293,81444.0,2965.84,0
294,121702.0,2960.47,0
295,62777.0,2959.59,0
296,124757.0,2958.31,0
297,129890.0,2957.46,0
298,64130.0,2957.29,0
299,76098.0,2947.08,0
300,145568.0,2939.51,0
301,129961.0,2934.54,0
302,88736.0,2930.7,0
303,40052.0,2928.58,0
304,81709.0,2921.9,0
305,122931.0,2921.46,0
306,117079.0,2919.92,0
307,74750.0,2917.64,0
308,2151.0,2909.97,0
309,54703.0,2909.94,0
310,128013.0,2904.14,0
311,51212.0,2903.86,0
312,46227.0,2901.0,0
313,39069.0,2895.9,0
314,166327.0,2892.97,0
315,74162.0,2892.42,0
316,139259.0,2890.63,0
317,36150.0,2877.9,0
318,156568.0,2871.16,0
319,118007.0,2869.8,0
320,68056.0,2868.89,0
321,147386.0,2858.0,0
322,36285.0,2856.8,0
323,40138.0,2849.94,0
324,31370.0,2849.44,0
325,40358.0,2843.0,0
326,33687.0,2831.4,0
327,137442.0,2823.37,0
328,155486.0,2820.05,0
329,62092.0,2815.34,0
330,42618.0,2809.94,0
331,53200.0,2800.0,0
332,137012.0,2800.0,0
333,40260.0,2798.48,0
334,166155.0,2796.44,0
335,100015.0,2793.6,0
336,123688.0,2783.07,0
337,139303.0,2775.17,0
338,58552.0,2773.88,0
339,71834.0,2772.86,0
340,125052.0,2768.53,0
341,29666.0,2766.4,0
342,28728.0,2763.25,0
343,138826.0,2756.03,0
344,82191.0,2755.71,0
345,32043.0,2754.0,0
346,43521.0,2746.74,0
347,10516.0,2746.34,0
348,166937.0,2742.11,0
349,56952.0,2734.8,0
350,155370.0,2733.24,0
351,127105.0,2726.76,0
352,162190.0,2723.04,0
353,29591.0,2718.84,0
354,47286.0,2718.44,0
355,121466.0,2717.0,0
356,71853.0,2716.0,0
357,30652.0,2715.65,0
358,143722.0,2709.8,0
359,66240.0,2708.0,0
360,126461.0,2702.29,0
361,135375.0,2701.93,0
362,142159.0,2701.6,0
363,40036.0,2700.0,0
364,54249.0,2700.0,0
365,54308.0,2700.0,0
366,161764.0,2699.22,0
367,126331.0,2693.5,0
368,35994.0,2692.66,0
369,37692.0,2692.15,0
370,149948.0,2690.24,0
371,146082.0,2687.48,0
372,75608.0,2687.0,0
373,62925.0,2682.28,0
374,49780.0,2677.0,0
375,120899.0,2676.64,0
376,129647.0,2675.2,0
377,147206.0,2669.41,0
378,117204.0,2669.14,0
379,151579.0,2668.0,0
380,63236.0,2667.16,0
381,32247.0,2663.07,0
382,52344.0,2660.94,0
383,76474.0,2658.84,0
384,63048.0,2646.0,0
385,146081.0,2641.87,0
386,151361.0,2638.71,0
387,153041.0,2631.92,0
388,48233.0,2628.45,0
389,39901.0,2627.68,0
390,38433.0,2626.25,0
391,71133.0,2624.31,0
392,146270.0,2622.0,0
393,157171.0,2621.43,0
394,76056.0,2616.0,0
395,58106.0,2615.25,0
396,166748.0,2614.14,0
397,153783.0,2613.8,0
398,38559.0,2607.68,0
399,49359.0,2607.5,0
400,121666.0,2604.0,0
401,32582.0,2602.7,0
402,152021.0,2602.0,0
403,111725.0,2600.0,0
404,129096.0,2600.0,0
405,61031.0,2598.57,0
406,63871.0,2593.45,0
407,131246.0,2584.12,0
408,138880.0,2583.54,0
409,131175.0,2572.33,0
410,65546.0,2571.8,0
411,70381.0,2571.28,0
412,63014.0,2567.71,0
413,119733.0,2567.34,0
414,138068.0,2564.4,0
415,53607.0,2563.16,0
416,62165.0,2561.0,0
417,155002.0,2555.0,0
418,137837.0,2549.0,0
419,157895.0,2547.47,0
420,120634.0,2547.24,0
421,125641.0,2546.63,0
422,74123.0,2545.87,0
423,37251.0,2543.0,0
424,118579.0,2541.8,0
425,2019.0,2540.42,0
426,135675.0,2539.73,0
427,81313.0,2539.25,0
428,83150.0,2535.95,0
429,45881.0,2534.12,0
430,160229.0,2533.66,0
431,63067.0,2530.69,0
432,50296.0,2528.61,0
433,56694.0,2525.81,0
434,34064.0,2525.8,0
435,120092.0,2520.47,0
436,26752.0,2520.0,0
437,140480.0,2517.66,0
438,127758.0,2517.46,0
439,36290.0,2506.57,0
440,37084.0,2500.0,0
441,40794.0,2500.0,0
442,55076.0,2500.0,0
443,62081.0,2500.0,0
444,76298.0,2500.0,0
445,121023.0,2500.0,0
446,147894.0,2500.0,0
447,150218.0,2500.0,0
448,150978.0,2500.0,0
449,138289.0,2499.9,0
450,150993.0,2494.4,0
451,134576.0,2485.79,0
452,58666.0,2481.64,0
453,92897.0,2481.6,0
454,37688.0,2480.25,0
455,91343.0,2477.43,0
456,86903.0,2476.7,0
457,34042.0,2476.23,0
458,63782.0,2468.2,0
459,40506.0,2467.72,0
460,159155.0,2466.8,0
461,148764.0,2464.32,0
462,130452.0,2460.8,0
463,1077.0,2452.03,0
464,40535.0,2447.6,0
465,56479.0,2446.15,0
466,40605.0,2441.88,0
467,57880.0,2441.85,0
468,126929.0,2438.0,0
469,79958.0,2437.82,0
470,147693.0,2427.36,0
471,105209.0,2425.85,0
472,37491.0,2425.35,0
473,46895.0,2421.42,0
474,116955.0,2419.12,0
475,147937.0,2414.43,0
476,137851.0,2413.9,0
477,29730.0,2409.32,0
478,52517.0,2408.51,0
479,122972.0,2408.06,0
480,45163.0,2407.72,0
481,57513.0,2404.29,0
482,60209.0,2404.0,0
483,79941.0,2400.0,0
484,83752.0,2400.0,0
485,122865.0,2400.0,0
486,146570.0,2400.0,0
487,133975.0,2395.91,0
488,162177.0,2394.0,0
489,49959.0,2392.08,0
490,81880.0,2390.73,0
491,58438.0,2387.52,0
492,81965.0,2378.83,0
493,96767.0,2378.55,0
494,49389.0,2368.0,0
495,73457.0,2364.68,0
496,133606.0,2363.1,0
497,79567.0,2355.99,0
498,148485.0,2355.38,0
499,78041.0,2355.36,0
500,121992.0,2353.01,0
501,141212.0,2349.31,0
502,51008.0,2349.0,0
503,63008.0,2340.0,0
504,142637.0,2340.0,0
505,119754.0,2335.38,0
506,64627.0,2333.18,0
507,161604.0,2331.31,0
508,151407.0,2329.52,0
509,166758.0,2328.4,0
510,140189.0,2323.34,0
511,43731.0,2322.28,0
512,53384.0,2321.12,0
513,29527.0,2319.97,0
514,31666.0,2312.26,0
515,44423.0,2310.0,0
516,150790.0,2308.5,0
517,60305.0,2303.05,0
518,51270.0,2302.48,0
519,41503.0,2302.38,0
520,132487.0,2297.74,0
521,56541.0,2294.56,0
522,43238.0,2290.94,0
523,152047.0,2290.05,0
524,163677.0,2289.2,0
525,78979.0,2287.2,0
526,54896.0,2286.6,0
527,136349.0,2282.2,0
528,56520.0,2281.13,0
529,74042.0,2279.5,0
530,49931.0,2276.32,0
531,76494.0,2268.0,0
532,141476.0,2267.5,0
533,123034.0,2266.01,0
534,112383.0,2263.73,0
535,119496.0,2257.14,0
536,33022.0,2257.08,0
537,151280.0,2251.0,0
538,69776.0,2250.0,0
539,38956.0,2249.36,0
540,52374.0,2249.0,0
541,55815.0,2248.25,0
542,104677.0,2247.4,0
543,114523.0,2245.02,0
544,130239.0,2243.0,0
545,130784.0,2241.97,0
546,161091.0,2237.64,0
547,140343.0,2235.16,0
548,162975.0,2235.0,0
549,153788.0,2231.5,0
550,131661.0,2230.0,0
551,46860.0,2229.97,0
552,43204.0,2229.0,0
553,120198.0,2224.52,0
554,144265.0,2220.45,0
555,114929.0,2219.5,0
556,123713.0,2219.35,0
557,108511.0,2217.4,0
558,26952.0,2217.18,0
559,44262.0,2216.5,0
560,46827.0,2216.0,0
561,169652.0,2214.28,0
562,36604.0,2211.52,0
563,134747.0,2206.24,0
564,58655.0,2205.65,0
565,128216.0,2205.08,0
566,124590.0,2202.0,0
567,130306.0,2201.43,0
568,129779.0,2200.0,0
569,169415.0,2199.54,0
570,159042.0,2199.28,0
571,68870.0,2196.16,0
572,129600.0,2190.0,0
573,48345.0,2189.0,0
574,169046.0,2188.39,0
575,39097.0,2183.88,0
576,150263.0,2183.44,0
577,51811.0,2181.0,0
578,37463.0,2173.2,0
579,33184.0,2163.25,0
580,157579.0,2162.78,0
581,138416.0,2160.12,0
582,127138.0,2159.5,0
583,73602.0,2156.0,0
584,147438.0,2155.27,0
585,154763.0,2155.17,0
586,47493.0,2152.9,0
587,141627.0,2151.0,0
588,120570.0,2150.0,0
589,78479.0,2149.36,0
590,43340.0,2149.14,0
591,37137.0,2145.8,0
592,137953.0,2144.73,0
593,155265.0,2142.84,0
594,39037.0,2141.08,0
595,69610.0,2140.74,0
596,162541.0,2137.98,0
597,34392.0,2135.9,0
598,35021.0,2130.63,0
599,69771.0,2128.41,0
600,146250.0,2127.4,0
601,14432.0,2126.13,0
602,160444.0,2126.0,0
603,122608.0,2125.87,1
604,52101.0,2119.24,0
605,150751.0,2116.24,0
606,64877.0,2115.8,0
607,137541.0,2115.77,0
608,67097.0,2108.19,0
609,38943.0,2106.94,0
610,117054.0,2105.52,0
611,139756.0,2105.43,0
612,54272.0,2105.23,0
613,138477.0,2101.85,0
614,121879.0,2099.0,0
615,150246.0,2098.0,0
616,59685.0,2090.5,0
617,122094.0,2090.0,0
618,145904.0,2088.0,0
619,33831.0,2087.25,0
620,29587.0,2084.94,0
621,39378.0,2084.8,0
622,141463.0,2083.2,0
623,65751.0,2080.08,0
624,123631.0,2078.08,0
625,56784.0,2077.24,0
626,50846.0,2075.93,0
627,160444.0,2074.69,0
628,149466.0,2074.26,0
629,61480.0,2071.0,0
630,81892.0,2070.23,0
631,84766.0,2069.8,0
632,127500.0,2065.25,0
633,154505.0,2063.94,0
634,85154.0,2063.04,0
635,59717.0,2062.4,0
636,132971.0,2061.8,0
637,60609.0,2058.0,0
638,76657.0,2056.85,0
639,118946.0,2055.02,0
640,153587.0,2052.91,0
641,137110.0,2049.42,0
642,53811.0,2049.0,0
643,155023.0,2048.38,0
644,146755.0,2046.2,0
645,49249.0,2045.5,0
646,30038.0,2044.02,0
647,38327.0,2043.44,0
648,36380.0,2043.0,0
649,141335.0,2038.94,0
650,140633.0,2037.35,0
651,25550.0,2034.86,0
652,42149.0,2031.58,0
653,146140.0,2031.02,0
654,40087.0,2030.54,0
655,126197.0,2030.0,0
656,125200.0,2029.79,0
657,134882.0,2028.99,0
658,155286.0,2028.99,0
659,44244.0,2025.0,0
660,75683.0,2022.16,0
661,49724.0,2021.65,0
662,86624.0,2018.09,0
663,50301.0,2017.45,0
664,52404.0,2015.67,0
665,52591.0,2015.66,0
666,91693.0,2014.0,0
667,155426.0,2014.0,0
668,123804.0,2013.0,0
669,152923.0,2010.3,0
670,64184.0,2007.0,0
671,141363.0,2006.27,0
672,155394.0,2006.03,0
673,140763.0,2003.33,0
674,140623.0,2001.65,0
675,136901.0,2000.36,0
676,32617.0,2000.0,0
677,36788.0,2000.0,0
678,42813.0,2000.0,0
679,60860.0,2000.0,0
680,69959.0,2000.0,0
681,118120.0,2000.0,0
682,118563.0,2000.0,0
683,124831.0,2000.0,0
684,127872.0,2000.0,0
685,129778.0,2000.0,0
686,132211.0,2000.0,0
687,135462.0,2000.0,0
688,141297.0,2000.0,0
689,146468.0,2000.0,0
690,170292.0,2000.0,0
691,155414.0,1999.89,0
692,154075.0,1999.28,0
693,58976.0,1998.0,0
694,145087.0,1997.0,0
695,150525.0,1997.0,0
696,41101.0,1995.18,0
697,118122.0,1994.17,0
698,62102.0,1993.32,0
699,53833.0,1992.66,0
700,67692.0,1989.82,0
701,83744.0,1989.72,0
702,33572.0,1989.68,0
703,40912.0,1988.0,0
704,24720.0,1986.92,0
705,144812.0,1985.0,0
706,41034.0,1984.45,0
707,60734.0,1982.98,0
708,59717.0,1982.92,0
709,152857.0,1979.1,0
710,57702.0,1977.64,0
711,161595.0,1975.6,0
712,144282.0,1975.53,0
713,160176.0,1975.4,0
714,27930.0,1974.0,0
715,131624.0,1972.71,0
716,162329.0,1971.48,0
717,65530.0,1970.99,0
718,128329.0,1970.16,0
719,39879.0,1968.0,0
720,44548.0,1968.0,0
721,144656.0,1967.64,0
722,81584.0,1967.24,0
723,46363.0,1964.94,0
724,56204.0,1963.16,0
725,107851.0,1962.02,0
726,140877.0,1956.0,0
727,156882.0,1954.0,0
728,122261.0,1953.12,0
729,38952.0,1952.4,0
730,115557.0,1950.32,0
731,33443.0,1948.68,0
732,95716.0,1948.52,0
733,66470.0,1948.32,0
734,66736.0,1948.32,0
735,9562.0,1946.35,0
736,41189.0,1944.84,0
737,117972.0,1944.0,0
738,118671.0,1942.96,0
739,166501.0,1940.15,0
740,126622.0,1940.0,0
741,25833.0,1939.84,0
742,133520.0,1939.46,0
743,2216.0,1939.3,0
744,26484.0,1937.66,0
745,128632.0,1933.04,0
746,137804.0,1932.8,0
747,126642.0,1932.3,0
748,56944.0,1931.36,0
749,162997.0,1931.15,0
750,153152.0,1930.74,0
751,94473.0,1930.46,0
752,126019.0,1930.39,0
753,144384.0,1930.0,0
754,145286.0,1930.0,0
755,46861.0,1928.2,0
756,113189.0,1927.46,0
757,146799.0,1925.96,0
758,139561.0,1924.6,0
759,164828.0,1923.95,0
760,50482.0,1923.18,0
761,120515.0,1923.0,0
762,96627.0,1920.9,0
763,142122.0,1919.2,0
764,117873.0,1919.14,0
765,137185.0,1918.7,0
766,53370.0,1918.5,0
767,169413.0,1918.47,0
768,64425.0,1917.11,0
769,137993.0,1916.59,0
770,48494.0,1916.0,0
771,39607.0,1915.01,0
772,71415.0,1915.0,0
773,74031.0,1913.47,0
774,19463.0,1912.89,0
775,19468.0,1912.89,0
776,136217.0,1905.81,0
777,78547.0,1904.75,0
778,140114.0,1903.65,0
779,60393.0,1903.37,0
780,11250.0,1903.26,0
781,36144.0,1902.0,0
782,42055.0,1900.35,0
783,125033.0,1900.0,0
784,39664.0,1899.17,0
785,47922.0,1898.8,0
786,54967.0,1897.72,0
787,122573.0,1896.44,0
788,10158.0,1895.88,0
789,10201.0,1895.88,0
790,62813.0,1895.88,0
791,128642.0,1895.62,0
792,32175.0,1894.25,0
793,52163.0,1892.38,0
794,60227.0,1891.73,0
795,169527.0,1890.99,0
796,127863.0,1890.69,0
797,79765.0,1890.56,0
798,139902.0,1890.0,0
799,97623.0,1888.43,0
800,140933.0,1887.39,0
801,70711.0,1885.93,0
802,150004.0,1884.46,0
803,124155.0,1883.61,0
804,148382.0,1883.15,0
805,131368.0,1882.92,0
806,38314.0,1882.38,0
807,125010.0,1882.38,0
808,50587.0,1881.36,0
809,137911.0,1880.0,0
810,60988.0,1879.0,0
811,148030.0,1879.0,0
812,126409.0,1878.12,0
813,51263.0,1876.9,0
814,60256.0,1876.29,0
815,164759.0,1875.48,0
816,161516.0,1874.14,0
817,100241.0,1873.12,0
818,41416.0,1872.85,0
819,158343.0,1870.31,0
820,84136.0,1868.88,0
821,118501.0,1867.75,0
822,169194.0,1865.28,0
823,137795.0,1865.17,0
824,164670.0,1865.13,0
825,76242.0,1865.0,0
826,28821.0,1864.92,0
827,136949.0,1862.97,0
828,63851.0,1862.9,0
829,133161.0,1860.0,0
830,59204.0,1859.16,0
831,138218.0,1858.0,0
832,89145.0,1856.1,0
833,96556.0,1856.09,0
834,56896.0,1855.66,0
835,56970.0,1855.66,0
836,138781.0,1854.18,0
837,62611.0,1853.62,0
838,50747.0,1853.0,0
839,63148.0,1851.46,0
840,124158.0,1851.32,0
841,136081.0,1850.0,0
842,162290.0,1849.4,0
843,122479.0,1848.06,0
844,122479.0,1848.06,0
845,36923.0,1848.0,0
846,50352.0,1848.0,0
847,48327.0,1847.9,0
848,63490.0,1847.34,0
849,130752.0,1846.5,0
850,142323.0,1845.81,0
851,85425.0,1843.8,0
852,139702.0,1843.06,0
853,28625.0,1841.18,0
854,148952.0,1838.0,0
855,140458.0,1837.66,0
856,125689.0,1837.0,0
857,36532.0,1836.08,0
858,139472.0,1832.79,0
859,57773.0,1832.55,0
860,54393.0,1831.8,0
861,131718.0,1830.22,0
862,63936.0,1829.71,0
863,27405.0,1828.5,0
864,52870.0,1827.84,0
865,120674.0,1826.8,0
866,39715.0,1826.74,0
867,52514.0,1826.6,0
868,29974.0,1826.59,0
869,141955.0,1825.73,0
870,50484.0,1825.0,0
871,51485.0,1824.84,0
872,115931.0,1824.0,0
873,41012.0,1823.2,0
874,75588.0,1823.2,0
875,45367.0,1822.88,0
876,156632.0,1819.32,0
877,122387.0,1816.0,0
878,141182.0,1815.39,0
879,128092.0,1814.83,0
880,147543.0,1814.33,0
881,40625.0,1810.96,0
882,39857.0,1810.0,0
883,9064.0,1809.68,1
884,75962.0,1808.75,0
885,38915.0,1807.39,0
886,78993.0,1806.54,0
887,162602.0,1806.5,0
888,122960.0,1802.0,0
889,119778.0,1801.84,0
890,34715.0,1800.0,0
891,34868.0,1800.0,0
892,36600.0,1800.0,0
893,44426.0,1800.0,0
894,53979.0,1800.0,0
895,68153.0,1800.0,0
896,82583.0,1800.0,0
897,114877.0,1800.0,0
898,126426.0,1800.0,0
899,144227.0,1800.0,0
900,61244.0,1799.45,0
901,138356.0,1799.15,0
902,143574.0,1797.95,0
903,119757.0,1797.92,0
904,58149.0,1796.3,0
905,158406.0,1796.0,0
906,122611.0,1794.23,0
907,128854.0,1794.07,0
908,151971.0,1794.0,0
909,41496.0,1793.83,0
910,145864.0,1791.12,0
911,169671.0,1791.0,0
912,150335.0,1789.92,0
913,51317.0,1789.0,0
914,149649.0,1787.0,0
915,154717.0,1786.5,0
916,62588.0,1786.39,0
917,160539.0,1786.35,0
918,75422.0,1784.51,0
919,54061.0,1784.2,0
920,155431.0,1783.78,0
921,164740.0,1783.26,0
922,55703.0,1782.17,0
923,57940.0,1781.1,0
924,162782.0,1780.52,0
925,33596.0,1780.47,0
926,136978.0,1779.12,0
927,136414.0,1775.18,0
928,66936.0,1775.15,0
929,76451.0,1774.0,0
930,124562.0,1772.0,0
931,122571.0,1771.5,0
932,39799.0,1771.4,0
933,132059.0,1770.0,0
934,4686.0,1769.69,0
935,132191.0,1769.65,0
936,139290.0,1768.99,0
937,111517.0,1767.71,0
938,72550.0,1767.06,0
939,53429.0,1765.0,0
940,55012.0,1764.7,0
941,133769.0,1764.12,0
942,76037.0,1763.07,0
943,115088.0,1762.43,0
944,37090.0,1762.42,0
945,35328.0,1762.2,0
946,158622.0,1760.64,0
947,35678.0,1759.24,0
948,83513.0,1758.0,0
949,157397.0,1756.9,0
950,45355.0,1755.67,0
951,130268.0,1755.29,0
952,34482.0,1754.55,0
953,53195.0,1753.91,0
954,146026.0,1752.86,0
955,70314.0,1750.0,0
956,82027.0,1749.59,0
957,36673.0,1748.75,0
958,43858.0,1748.7,0
959,36796.0,1746.85,0
960,26652.0,1746.8,0
961,26875.0,1746.8,0
962,120536.0,1746.0,0
963,45286.0,1745.6,0
964,57009.0,1745.55,0
965,48056.0,1745.5,0
966,132928.0,1745.4,0
967,48378.0,1744.37,0
968,36173.0,1744.21,0
969,11351.0,1744.08,0
970,150452.0,1743.2,0
971,58325.0,1742.34,0
972,58689.0,1742.16,0
973,79608.0,1741.26,0
974,132362.0,1740.0,0
975,75586.0,1738.5,0
976,156245.0,1737.52,0
977,57373.0,1737.51,0
978,64483.0,1736.81,0
979,990.0,1736.0,0
980,35487.0,1735.54,0
981,134884.0,1733.78,0
982,131973.0,1733.0,0
983,155103.0,1732.57,0
984,49072.0,1732.3,0
985,133453.0,1732.12,0
986,53639.0,1730.3,0
987,132620.0,1730.0,0
988,71898.0,1729.79,0
989,76318.0,1729.79,0
990,164422.0,1728.0,0
991,143107.0,1726.01,0
992,142388.0,1724.46,0
993,147488.0,1724.0,0
994,145646.0,1723.37,0
995,29004.0,1722.52,0
996,77775.0,1722.5,0
997,116485.0,1721.84,0
998,25996.0,1721.69,0
999,51022.0,1719.71,0
1000,51740.0,1719.4,0
1001,33211.0,1719.03,0
1002,147968.0,1719.0,0
1003,62253.0,1718.18,0
1004,41515.0,1717.38,0
1005,38912.0,1715.71,0
1006,38360.0,1714.96,0
1007,81961.0,1714.79,0
1008,160562.0,1714.0,0
1009,35723.0,1713.99,0
1010,35807.0,1713.99,0
1011,63599.0,1713.11,0
1012,123825.0,1713.06,0
1013,28770.0,1712.31,0
1014,112184.0,1711.5,0
1015,137636.0,1709.82,0
1016,122656.0,1708.56,0
1017,128106.0,1708.41,0
1018,125526.0,1707.34,0
1019,47672.0,1706.35,0
1020,41479.0,1706.34,0
1021,132073.0,1704.0,0
1022,94415.0,1702.0,0
1023,59236.0,1701.6,0
1024,50694.0,1700.73,0
1025,139434.0,1700.0,0
1026,169041.0,1699.0,0
1027,43700.0,1697.42,0
1028,150232.0,1697.31,0
1029,150232.0,1697.31,0
1030,147049.0,1696.8,0
1031,65784.0,1695.75,0
1032,38932.0,1694.94,0
1033,42559.0,1694.5,0
1034,51561.0,1694.36,0
1035,61439.0,1693.19,0
1036,125062.0,1692.0,0
1037,54685.0,1691.82,0
1038,48131.0,1691.57,0
1039,27474.0,1691.44,0
1040,46851.0,1691.09,0
1041,38303.0,1691.02,0
1042,49882.0,1691.0,0
1043,144345.0,1690.57,0
1044,144353.0,1690.57,0
1045,63767.0,1688.55,0
1046,65692.0,1687.76,0
1047,70562.0,1687.37,0
1048,155657.0,1686.59,0
1049,41016.0,1686.1,0
1050,59488.0,1684.35,0
1051,75243.0,1683.77,0
1052,41528.0,1682.61,0
1053,33145.0,1682.36,0
1054,113829.0,1681.28,0
1055,96023.0,1680.0,0
1056,144023.0,1679.49,0
1057,28929.0,1679.35,0
1058,23630.0,1678.88,0
1059,131058.0,1678.0,0
1060,135713.0,1678.0,0
1061,153720.0,1677.2,0
1062,122723.0,1676.6,0
1063,136124.0,1676.6,0
1064,136137.0,1676.6,0
1065,135388.0,1674.4,0
1066,159944.0,1673.61,0
1067,132479.0,1673.0,0
1068,53564.0,1672.55,0
1069,54024.0,1671.09,0
1070,23069.0,1670.28,0
1071,113296.0,1670.25,0
1072,146616.0,1669.55,0
1073,145689.0,1668.7,0
1074,138482.0,1666.95,0
1075,62895.0,1666.4,0
1076,124964.0,1664.31,0
1077,36661.0,1663.75,0
1078,36725.0,1663.75,0
1079,61204.0,1663.49,0
1080,67416.0,1663.1,0
1081,156104.0,1660.0,0
1082,122805.0,1658.2,0
1083,131091.0,1658.2,0
1084,37951.0,1658.01,0
1085,43032.0,1658.0,0
1086,27925.0,1657.54,0
1087,41542.0,1656.58,0
1088,40041.0,1656.24,0
1089,150934.0,1655.13,0
1090,165804.0,1655.08,0
1091,135847.0,1654.1,0
1092,164709.0,1653.07,0
1093,56744.0,1651.53,0
1094,71943.0,1651.28,0
1095,130944.0,1651.0,0
1096,4164.0,1650.0,0
1097,130347.0,1650.0,0
1098,59079.0,1649.85,0
1099,143741.0,1647.0,0
1100,69704.0,1645.59,0
1101,161119.0,1645.46,0
1102,161484.0,1645.46,0
1103,162578.0,1645.46,0
1104,162813.0,1645.46,0
1105,48727.0,1645.3,0
1106,39447.0,1644.95,0
1107,56476.0,1644.77,0
1108,117905.0,1644.07,0
1109,62600.0,1644.0,0
1110,129794.0,1643.27,0
1111,121146.0,1643.0,0
1112,46614.0,1641.0,0
1113,78421.0,1640.77,0
1114,129184.0,1640.35,0
1115,144553.0,1639.87,0
1116,52208.0,1638.5,0
1117,23382.0,1638.04,0
1118,73484.0,1636.92,0
1119,78249.0,1636.2,0
1120,141507.0,1635.02,0
1121,32359.0,1631.61,0
1122,144017.0,1630.91,0
1123,51921.0,1630.56,0
1124,142335.0,1629.93,0
1125,168766.0,1629.0,0
1126,163288.0,1628.8,0
1127,119829.0,1628.66,0
1128,89843.0,1628.27,0
1129,152074.0,1626.77,0
1130,147169.0,1624.88,0
1131,72963.0,1624.12,0
1132,30755.0,1623.38,0
1133,75099.0,1622.89,0
1134,116534.0,1620.72,0
1135,5989.0,1620.53,0
1136,126211.0,1619.79,0
1137,31989.0,1619.1,0
1138,136722.0,1619.0,0
1139,149073.0,1618.42,0
1140,152521.0,1618.02,0
1141,45788.0,1617.58,0
1142,45850.0,1617.27,0
1143,24593.0,1617.12,0
1144,166706.0,1617.04,0
1145,78745.0,1616.0,0
1146,81135.0,1616.0,0
1147,137604.0,1614.3,0
1148,147775.0,1613.02,0
1149,135624.0,1610.6,0
1150,135624.0,1610.6,0
1151,137075.0,1610.6,0
1152,160568.0,1610.58,0
1153,109175.0,1610.24,0
1154,149438.0,1609.65,0
1155,63499.0,1608.89,0
1156,39775.0,1608.84,0
1157,77703.0,1608.66,0
1158,105899.0,1605.57,0
1159,37655.0,1605.41,0
1160,129833.0,1605.0,0
1161,119943.0,1604.58,0
1162,123930.0,1603.42,0
1163,656.0,1602.99,0
1164,131563.0,1602.6,0
1165,27330.0,1602.36,0
1166,58384.0,1602.0,0
1167,34872.0,1601.5,0
1168,171759.0,1601.2,0
1169,52342.0,1600.0,0
1170,53275.0,1600.0,0
1171,53676.0,1600.0,0
1172,71516.0,1600.0,0
1173,132374.0,1600.0,0
1174,132475.0,1600.0,0
1175,132795.0,1600.0,0
1176,133207.0,1600.0,0
1177,134238.0,1600.0,0
1178,136018.0,1600.0,0
1179,139086.0,1600.0,0
1180,35585.0,1599.9,0
1181,119116.0,1599.52,0
1182,102142.0,1599.28,0
1183,150214.0,1599.02,0
1184,82895.0,1598.5,0
1185,34473.0,1598.4,0
1186,47543.0,1598.0,0
1187,54507.0,1597.72,0
1188,78832.0,1596.76,0
1189,169677.0,1596.46,0
1190,43868.0,1594.74,0
1191,79617.0,1593.37,0
1192,72057.0,1592.9,0
1193,56167.0,1592.67,0
1194,77726.0,1591.75,0
1195,35518.0,1591.49,0
1196,147437.0,1591.26,0
1197,53764.0,1588.0,0
1198,63464.0,1587.46,0
1199,116127.0,1584.64,0
1200,117609.0,1584.4,0
1201,56481.0,1584.0,0
1202,142512.0,1583.89,0
1203,75691.0,1582.23,0
1204,163487.0,1581.81,0
1205,38536.0,1581.78,0
1206,140452.0,1581.0,0
1207,55460.0,1580.56,0
1208,134058.0,1580.0,0
1209,49643.0,1579.94,0
1210,155125.0,1579.0,0
1211,155506.0,1579.0,0
1212,162694.0,1578.99,0
1213,23310.0,1576.44,0
1214,28398.0,1576.15,0
1215,152313.0,1575.5,0
1216,162763.0,1575.21,0
1217,120332.0,1574.94,0
1218,164848.0,1573.76,0
1219,134636.0,1573.72,0
1220,123810.0,1572.92,0
1221,148290.0,1572.74,0
1222,34854.0,1571.0,0
1223,57710.0,1570.3,0
1224,118174.0,1569.84,0
1225,32984.0,1569.44,0
1226,122647.0,1568.24,0
1227,132308.0,1568.07,0
1228,56781.0,1567.73,0
1229,152452.0,1565.12,0
1230,72400.0,1564.82,0
1231,134021.0,1563.24,0
1232,42181.0,1563.21,0
1233,160105.0,1562.39,0
1234,117313.0,1561.1,0
1235,36150.0,1561.06,0
1236,52068.0,1559.92,0
1237,31117.0,1558.26,0
1238,126188.0,1558.0,0
1239,22630.0,1555.23,0
1240,55282.0,1555.09,0
1241,40543.0,1554.9,0
1242,41679.0,1554.67,0
1243,55796.0,1554.0,0
1244,55987.0,1554.0,0
1245,41411.0,1553.14,0
1246,53785.0,1553.12,0
1247,74558.0,1552.3,0
1248,44472.0,1550.74,0
1249,69780.0,1550.21,0
1250,120260.0,1550.08,0
1251,44567.0,1550.0,0
1252,58536.0,1550.0,0
1253,166393.0,1549.64,0
1254,49808.0,1549.56,0
1255,36145.0,1548.98,0
1256,164075.0,1548.96,0
1257,46553.0,1548.8,0
1258,72894.0,1546.99,0
1259,155204.0,1545.02,0
1260,90237.0,1544.68,0
1261,49549.0,1544.0,0
1262,137051.0,1542.86,0
1263,43244.0,1542.75,0
1264,39625.0,1542.72,0
1265,50012.0,1541.85,0
1266,123971.0,1541.1,0
1267,115644.0,1538.38,0
1268,149820.0,1537.95,0
1269,123149.0,1537.44,0
1270,169969.0,1537.34,0
1271,153528.0,1536.78,0
1272,40149.0,1536.2,0
1273,50021.0,1534.0,0
1274,126009.0,1534.0,0
1275,128176.0,1533.6,0
1276,150236.0,1533.08,0
1277,76304.0,1532.38,0
1278,70320.0,1532.0,0
1279,116878.0,1531.6,0
1280,85604.0,1531.16,0
1281,160616.0,1529.65,0
1282,67890.0,1529.16,0
1283,165034.0,1529.15,0
1284,122158.0,1529.07,0
1285,775.0,1528.9,0
1286,75991.0,1526.92,0
1287,49200.0,1525.0,0
1288,44526.0,1524.51,0
1289,55889.0,1523.28,0
1290,26769.0,1523.15,0
1291,68425.0,1522.4,0
1292,43216.0,1522.35,0
1293,59737.0,1522.1,0
1294,147510.0,1522.0,0
1295,34769.0,1520.43,0
1296,34652.0,1520.0,0
1297,105217.0,1519.97,0
1298,36855.0,1519.6,0
1299,131836.0,1519.59,0
1300,48399.0,1519.0,0
1301,81337.0,1517.89,0
1302,33103.0,1517.49,0
1303,56461.0,1516.7,0
1304,56842.0,1516.7,0
1305,62414.0,1516.7,0
1306,64043.0,1516.7,0
1307,72659.0,1516.33,0
1308,54968.0,1516.1,0
1309,35525.0,1516.0,0
1310,139522.0,1515.8,0
1311,34665.0,1515.68,0
1312,54868.0,1514.97,0
1313,77789.0,1513.26,0
1314,25760.0,1512.52,0
1315,61109.0,1511.35,0
1316,65134.0,1510.99,0
1317,151460.0,1510.84,0
1318,63123.0,1510.0,0
1319,169081.0,1510.0,0
1320,55188.0,1509.09,0
1321,42015.0,1508.2,0
1322,46807.0,1508.18,0
1323,36766.0,1505.78,0
1324,75074.0,1505.61,0
1325,133731.0,1505.13,0
1326,154278.0,1504.93,1
1327,136884.0,1504.05,0
1328,65524.0,1503.94,0
1329,160408.0,1503.75,0
1330,127999.0,1503.36,0
1331,35031.0,1502.43,0
1332,57502.0,1502.36,0
1333,131614.0,1501.5,0
1334,35350.0,1500.0,0
1335,37553.0,1500.0,0
1336,40586.0,1500.0,0
1337,40648.0,1500.0,0
1338,44994.0,1500.0,0
1339,54790.0,1500.0,0
1340,56875.0,1500.0,0
1341,66271.0,1500.0,0
1342,74427.0,1500.0,0
1343,119392.0,1500.0,0
1344,119472.0,1500.0,0
1345,122032.0,1500.0,0
1346,135073.0,1500.0,0
1347,138964.0,1500.0,0
1348,139882.0,1500.0,0
1349,145748.0,1500.0,0
1350,76266.0,1499.92,0
1351,42727.0,1499.84,0
1352,68076.0,1499.3,0
1353,27160.0,1499.0,0
1354,42894.0,1499.0,0
1355,49918.0,1499.0,0
1356,65842.0,1499.0,0
1357,148618.0,1499.0,0
1358,128300.0,1498.26,0
1359,56863.0,1498.0,0
1360,167572.0,1496.66,0
1361,123410.0,1495.68,0
1362,26890.0,1494.8,0
1363,68371.0,1494.77,0
1364,48351.0,1494.74,0
1365,62216.0,1490.48,0
1366,59888.0,1490.46,0
1367,22808.0,1490.22,0
1368,126308.0,1490.0,0
1369,171472.0,1489.4,0
1370,61348.0,1486.87,0
1371,71777.0,1486.7,0
1372,46723.0,1486.0,0
1373,141769.0,1484.7,0
1374,153175.0,1484.67,0
1375,172498.0,1484.66,0
1376,145528.0,1484.37,0
1377,129637.0,1483.28,0
1378,51535.0,1483.0,0
1379,139897.0,1482.56,0
1380,32674.0,1481.74,0
1381,119415.0,1481.65,0
1382,3204.0,1480.0,0
1383,45825.0,1480.0,0
1384,143247.0,1480.0,0
1385,156142.0,1479.9,0
1386,156880.0,1479.88,0
1387,34092.0,1479.0,0
1388,139917.0,1477.4,0
1389,138183.0,1476.0,0
1390,133829.0,1475.49,0
1391,123593.0,1474.46,0
1392,33808.0,1474.44,0
1393,88004.0,1474.08,0
1394,50671.0,1472.96,0
1395,83295.0,1472.42,0
1396,48500.0,1472.0,0
1397,37704.0,1471.97,0
1398,74966.0,1471.6,0
1399,164138.0,1470.28,0
1400,70663.0,1470.12,0
1401,144741.0,1470.0,0
1402,29661.0,1469.38,0
1403,54509.0,1469.02,0
1404,149907.0,1468.17,0
1405,41556.0,1468.0,0
1406,64052.0,1467.75,0
1407,131383.0,1466.48,0
1408,66156.0,1465.93,0
1409,119677.0,1465.48,0
1410,41273.0,1464.94,0
1411,118524.0,1464.75,0
1412,148457.0,1464.6,0
1413,48982.0,1464.44,0
1414,120862.0,1464.32,0
1415,165669.0,1464.25,0
1416,148642.0,1464.1,0
1417,43999.0,1463.62,0
1418,38587.0,1462.12,0
1419,5853.0,1461.84,0
1420,147586.0,1460.1,0
1421,129094.0,1458.05,0
1422,66280.0,1457.85,0
1423,51669.0,1457.0,0
1424,64072.0,1457.0,0
1425,77303.0,1456.59,0
1426,38019.0,1456.21,0
1427,44622.0,1456.16,0
1428,32842.0,1456.08,0
1429,62213.0,1456.03,0
1430,160797.0,1456.0,0
1431,122043.0,1455.5,0
1432,3746.0,1455.37,0
1433,46298.0,1455.3,0
1434,170516.0,1454.95,0
1435,34856.0,1454.72,0
1436,167722.0,1454.55,0
1437,147625.0,1454.29,0
1438,53739.0,1454.0,0
1439,153029.0,1452.0,0
1440,165919.0,1452.0,0
1441,63271.0,1451.34,0
1442,138532.0,1451.3,0
1443,33433.0,1450.16,0
1444,143564.0,1450.0,0
1445,39717.0,1449.83,0
1446,33573.0,1448.46,0
1447,3278.0,1447.71,0
1448,58215.0,1446.27,0
1449,124976.0,1445.8,0
1450,125079.0,1445.8,0
1451,138602.0,1445.0,0
1452,40477.0,1443.06,0
1453,40761.0,1442.69,0
1454,67808.0,1442.0,0
1455,168000.0,1442.0,0
1456,54544.0,1441.77,0
1457,71738.0,1441.49,0
1458,71834.0,1441.49,0
1459,160204.0,1441.06,0
1460,160669.0,1441.06,0
1461,160672.0,1441.06,0
1462,140329.0,1440.0,0
1463,160474.0,1438.73,0
1464,37590.0,1437.08,0
1465,53825.0,1436.88,0
1466,56732.0,1436.06,0
1467,148329.0,1436.03,0
1468,146938.0,1435.5,0
1469,155631.0,1435.5,0
1470,127384.0,1435.0,0
1471,117878.0,1434.92,0
1472,66733.0,1434.0,0
1473,56498.0,1433.24,0
1474,53935.0,1432.8,0
1475,56307.0,1432.0,0
1476,134624.0,1432.0,0
1477,50224.0,1430.8,0
1478,58397.0,1430.0,0
1479,40845.0,1429.0,0
1480,61947.0,1428.7,0
1481,117826.0,1428.44,0
1482,41673.0,1427.0,0
1483,41809.0,1425.0,0
1484,126107.0,1425.0,0
1485,34834.0,1424.93,0
1486,139071.0,1424.65,0
1487,86384.0,1424.0,0
1488,71400.0,1423.62,0
1489,60498.0,1423.54,0
1490,142713.0,1422.95,0
1491,149836.0,1420.43,0
1492,146403.0,1420.0,0
1493,63575.0,1419.5,0
1494,132150.0,1418.4,0
1495,113776.0,1418.25,0
1496,139009.0,1417.86,0
1497,38181.0,1417.42,0
1498,141812.0,1417.29,0
1499,146826.0,1415.31,0
1500,42385.0,1414.88,0
1501,51173.0,1414.74,0
1502,44051.0,1413.86,0
1503,145274.0,1413.35,0
1504,145456.0,1413.35,0
1505,60394.0,1412.26,0
1506,43164.0,1411.98,0
1507,65813.0,1411.22,0
1508,87959.0,1411.16,0
1509,37222.0,1411.0,0
1510,14633.0,1410.02,0
1511,46100.0,1410.0,0
1512,146129.0,1409.9,0
1513,51064.0,1408.9,0
1514,77116.0,1408.75,0
1515,81243.0,1408.5,0
1516,84793.0,1408.3,0
1517,10833.0,1408.29,0
1518,162338.0,1408.29,0
1519,137974.0,1408.27,0
1520,127589.0,1408.0,0
1521,76652.0,1407.22,0
1522,59601.0,1406.88,0
1523,32912.0,1406.63,0
1524,158211.0,1406.4,0
1525,129689.0,1406.18,0
1526,118357.0,1405.18,0
1527,50536.0,1404.96,0
1528,153967.0,1404.75,0
1529,153976.0,1404.75,0
1530,80890.0,1404.74,0
1531,124751.0,1404.28,0
1532,45712.0,1403.91,0
1533,46714.0,1403.58,0
1534,141731.0,1403.13,0
1535,36.0,1402.95,0
1536,134033.0,1402.38,0
1537,62467.0,1402.16,1
1538,53385.0,1401.48,0
1539,132462.0,1401.16,0
1540,127605.0,1401.0,0
1541,34025.0,1400.0,0
1542,39927.0,1400.0,0
1543,55485.0,1400.0,0
1544,57949.0,1400.0,0
1545,66246.0,1400.0,0
1546,149891.0,1400.0,0
1547,2720.0,1399.2,0
1548,121521.0,1399.0,0
1549,28337.0,1398.28,0
1550,44388.0,1398.0,0
1551,48554.0,1398.0,0
1552,71363.0,1398.0,0
1553,135684.0,1398.0,0
1554,136078.0,1398.0,0
1555,96485.0,1396.74,0
1556,70396.0,1396.0,0
1557,70513.0,1396.0,0
1558,54860.0,1395.36,0
1559,144191.0,1395.0,0
1560,41444.0,1394.94,0
1561,40220.0,1394.6,0
1562,39677.0,1394.0,0
1563,102759.0,1393.91,0
1564,31844.0,1393.1,0
1565,46406.0,1392.84,0
1566,75497.0,1392.58,0
1567,99293.0,1392.39,0
1568,120920.0,1392.0,0
1569,43429.0,1390.24,0
1570,62466.0,1390.0,0
1571,74436.0,1390.0,0
1572,125845.0,1390.0,0
1573,59011.0,1389.56,1
1574,61449.0,1387.98,0
1575,63076.0,1387.8,0
1576,139222.0,1387.28,0
1577,76356.0,1387.2,0
1578,45968.0,1386.03,0
1579,54479.0,1386.0,0
1580,54502.0,1385.65,0
1581,136668.0,1385.6,0
1582,152760.0,1385.49,0
1583,165859.0,1385.32,0
1584,133783.0,1385.0,0
1585,89381.0,1384.38,0
1586,131542.0,1383.76,0
1587,43397.0,1383.42,0
1588,47906.0,1381.42,0
1589,48468.0,1381.0,0
1590,44247.0,1380.55,0
1591,123125.0,1380.55,0
1592,36434.0,1380.0,0
1593,126662.0,1380.0,0
1594,140927.0,1380.0,0
1595,137665.0,1379.84,0
1596,74946.0,1379.44,0
1597,43896.0,1379.0,0
1598,155843.0,1379.0,0
1599,124012.0,1378.68,0
1600,73244.0,1378.1,0
1601,54994.0,1378.0,0
1602,124217.0,1378.0,0
1603,154394.0,1377.51,0
1604,129938.0,1377.18,0
1605,46536.0,1376.78,0
1606,37953.0,1376.66,0
1607,77521.0,1376.6,0
1608,127548.0,1376.56,0
1609,79126.0,1376.46,0
1610,1103.0,1376.13,0
1611,143300.0,1375.76,0
1612,69967.0,1375.0,0
1613,35176.0,1374.9,0
1614,84274.0,1374.29,0
1615,122763.0,1374.09,0
1616,56141.0,1373.97,0
1617,56665.0,1373.25,0
1618,138537.0,1373.25,0
1619,67802.0,1372.85,0
1620,43119.0,1372.38,0
1621,123966.0,1372.06,0
1622,29983.0,1372.0,0
1623,75803.0,1371.35,0
1624,162422.0,1369.73,0
1625,125422.0,1368.28,0
1626,40941.0,1368.15,0
1627,45980.0,1368.0,0
1628,39319.0,1367.84,0
1629,70273.0,1367.66,0
1630,121347.0,1367.3,0
1631,59795.0,1367.21,0
1632,45129.0,1366.14,0
1633,129740.0,1366.03,0
1634,50636.0,1365.88,0
1635,144751.0,1364.9,0
1636,123527.0,1364.69,0
1637,146422.0,1363.21,0
1638,79300.0,1363.0,0
1639,87725.0,1361.93,0
1640,133728.0,1361.64,0
1641,169837.0,1361.47,0
1642,96320.0,1361.26,0
1643,39217.0,1361.04,0
1644,58814.0,1361.0,0
1645,125576.0,1361.0,0
1646,117949.0,1360.87,0
1647,148811.0,1360.51,0
1648,38485.0,1360.24,0
1649,142956.0,1359.83,0
1650,53054.0,1359.76,0
1651,59481.0,1359.76,0
1652,134294.0,1359.0,0
1653,134611.0,1359.0,0
1654,70606.0,1358.91,0
1655,35526.0,1358.01,0
1656,128625.0,1357.85,0
1657,72816.0,1357.5,0
1658,75686.0,1355.68,0
1659,31704.0,1355.63,0
1660,80542.0,1355.47,0
1661,148793.0,1355.2,0
1662,69425.0,1354.98,0
1663,77686.0,1354.98,0
1664,79450.0,1354.98,0
1665,62288.0,1354.55,0
1666,65385.0,1354.25,1
1667,33906.0,1354.06,0
1668,67072.0,1353.2,0
1669,49208.0,1353.0,0
1670,169858.0,1353.0,0
1671,139985.0,1352.2,0
1672,54119.0,1352.14,0
1673,120052.0,1352.03,0
1674,122286.0,1352.0,0
1675,133299.0,1351.32,0
1676,68325.0,1351.05,0
1677,164783.0,1350.9,0
1678,22322.0,1350.0,0
1679,128823.0,1350.0,0
1680,130552.0,1350.0,0
1681,146546.0,1350.0,0
1682,57728.0,1348.0,0
1683,45656.0,1347.5,0
1684,36723.0,1346.95,0
1685,121918.0,1346.6,0
1686,117475.0,1344.7,0
1687,64852.0,1344.0,0
1688,127421.0,1344.0,0
1689,128978.0,1343.9,0
1690,50707.0,1343.42,0
1691,29645.0,1342.96,0
1692,158504.0,1341.77,0
1693,154352.0,1341.1,0
1694,56265.0,1340.56,0
1695,131077.0,1340.41,0
1696,99349.0,1340.14,0
1697,99349.0,1340.14,0
1698,158181.0,1340.0,0
1699,150958.0,1339.3,0
1700,142842.0,1338.56,0
1701,130161.0,1337.84,0
1702,123475.0,1337.25,0
1703,137483.0,1336.86,0
1704,140345.0,1336.06,0
1705,157641.0,1336.0,0
1706,125140.0,1335.0,0
1707,133182.0,1335.0,0
1708,133184.0,1335.0,1
1709,39913.0,1334.0,0
1710,33466.0,1332.78,0
1711,59877.0,1332.6,0
1712,59990.0,1332.4,0
1713,50062.0,1332.38,0
1714,89402.0,1331.94,0
1715,34050.0,1331.9,0
1716,140925.0,1331.67,0
1717,147483.0,1331.55,0
1718,123046.0,1331.37,0
1719,102840.0,1330.96,0
1720,45829.0,1330.66,0
1721,136020.0,1330.5,0
1722,141862.0,1330.24,0
1723,163319.0,1330.24,0
1724,160654.0,1329.79,0
1725,58864.0,1328.99,0
1726,73828.0,1328.6,0
1727,81678.0,1328.56,0
1728,63343.0,1328.23,0
1729,165893.0,1328.19,0
1730,61600.0,1327.53,0
1731,136323.0,1327.5,0
1732,40341.0,1327.17,0
1733,61495.0,1327.11,0
1734,19045.0,1326.33,0
1735,58549.0,1326.33,0
1736,39487.0,1326.08,0
1737,5909.0,1326.0,0
1738,75853.0,1326.0,0
1739,142900.0,1326.0,0
1740,123350.0,1324.32,0
1741,38695.0,1323.42,0
1742,98390.0,1323.31,0
1743,77790.0,1322.58,0
1744,121707.0,1322.17,0
1745,152444.0,1322.0,0
1746,1937.0,1321.12,0
1747,55869.0,1320.66,0
1748,61237.0,1320.0,0
1749,47207.0,1319.96,0
1750,40884.0,1319.74,0
1751,116731.0,1318.95,0
1752,40825.0,1318.24,0
1753,72761.0,1318.14,0
1754,33320.0,1318.0,0
1755,78760.0,1317.54,0
1756,167802.0,1317.54,0
1757,80124.0,1317.0,0
1758,62414.0,1316.66,0
1759,166017.0,1314.24,0
1760,139820.0,1314.05,0
1761,49319.0,1313.0,0
1762,140185.0,1313.0,0
1763,43370.0,1311.59,0
1764,159088.0,1311.5,0
1765,137546.0,1311.46,0
1766,49427.0,1311.12,0
1767,40474.0,1310.64,0
1768,47359.0,1310.5,0
1769,150699.0,1309.2,0
1770,60880.0,1308.95,0
1771,64380.0,1307.69,0
1772,163500.0,1306.95,0
1773,126382.0,1306.91,0
1774,155568.0,1305.95,0
1775,60052.0,1305.92,0
1776,63466.0,1305.16,0
1777,78707.0,1303.55,0
1778,75904.0,1302.89,0
1779,69778.0,1302.49,0
1780,140712.0,1302.31,0
1781,51540.0,1302.0,0
1782,146209.0,1302.0,0
1783,115852.0,1301.11,0
1784,59054.0,1301.0,0
1785,152853.0,1300.18,0
1786,163507.0,1300.11,0
1787,37947.0,1300.0,0
1788,62535.0,1300.0,0
1789,77357.0,1300.0,0
1790,122139.0,1300.0,0
1791,56815.0,1299.6,0
1792,148951.0,1299.23,0
1793,58681.0,1299.0,0
1794,72529.0,1299.0,0
1795,74969.0,1298.0,0
1796,124276.0,1296.93,0
1797,47252.0,1296.25,0
1798,66076.0,1296.0,0
1799,121152.0,1296.0,0
1800,169934.0,1296.0,0
1801,127591.0,1295.7,0
1802,135241.0,1295.06,0
1803,114645.0,1295.0,0
1804,161072.0,1295.0,0
1805,126797.0,1294.89,0
1806,30314.0,1294.72,0
1807,169547.0,1294.4,0
1808,70842.0,1294.39,0
1809,67327.0,1294.34,0
1810,54067.0,1294.08,0
1811,139902.0,1293.14,0
1812,90002.0,1293.12,0
1813,158996.0,1293.0,0
1814,57503.0,1292.2,0
1815,155216.0,1291.94,0
1816,156116.0,1291.94,0
1817,132878.0,1291.77,0
1818,145601.0,1291.5,0
1819,54128.0,1291.08,0
1820,118203.0,1290.92,0
1821,161647.0,1290.92,0
1822,118196.0,1290.0,0
1823,141874.0,1290.0,0
1824,100631.0,1289.51,0
1825,143277.0,1289.0,0
1826,133891.0,1288.68,0
1827,40139.0,1287.87,0
1828,54506.0,1286.94,0
1829,130388.0,1286.6,0
1830,131024.0,1286.29,0
1831,68526.0,1286.22,0
1832,121030.0,1286.22,0
1833,59704.0,1286.08,0
1834,118716.0,1286.0,0
1835,147109.0,1286.0,0
1836,148059.0,1285.67,0
1837,148140.0,1285.6,0
1838,21973.0,1284.64,0
1839,38950.0,1283.18,0
1840,143568.0,1283.0,0
1841,141468.0,1282.49,0
1842,62405.0,1281.99,0
1843,37103.0,1280.34,0
1844,37104.0,1280.34,0
1845,41190.0,1280.0,0
1846,58650.0,1280.0,0
1847,134337.0,1280.0,0
1848,144705.0,1280.0,0
1849,169816.0,1280.0,0
1850,171396.0,1280.0,0
1851,153055.0,1279.42,0
1852,60995.0,1279.02,0
1853,64852.0,1279.0,0
1854,62027.0,1278.98,0
1855,149683.0,1278.95,0
1856,43528.0,1278.81,0
1857,37016.0,1278.0,0
1858,151492.0,1278.0,0
1859,124358.0,1277.64,0
1860,52540.0,1277.49,0
1861,147208.0,1277.18,0
1862,50725.0,1277.0,0
1863,39763.0,1276.76,0
1864,44520.0,1276.3,0
1865,140674.0,1276.0,0
1866,142277.0,1276.0,0
1867,67132.0,1275.83,0
1868,35924.0,1275.26,0
1869,48989.0,1275.05,0
1870,59305.0,1275.0,0
1871,64544.0,1274.45,0
1872,61362.0,1274.41,0
1873,32281.0,1274.0,0
1874,51795.0,1273.62,0
1875,76669.0,1273.16,0
1876,138221.0,1272.4,0
1877,122684.0,1272.21,0
1878,54453.0,1272.2,0
1879,123789.0,1271.96,0
1880,42992.0,1271.42,0
1881,144615.0,1271.39,0
1882,50248.0,1271.3,0
1883,138467.0,1271.3,0
1884,71599.0,1271.28,0
1885,50898.0,1271.24,0
1886,31724.0,1271.0,0
1887,125648.0,1271.0,0
1888,67046.0,1270.94,0
1889,66067.0,1270.47,0
1890,42067.0,1269.68,0
1891,136187.0,1269.2,0
1892,27924.0,1269.04,0
1893,43594.0,1269.0,0
1894,60724.0,1268.72,0
1895,159851.0,1268.0,0
1896,123665.0,1266.94,0
1897,148973.0,1266.82,0
1898,52370.0,1266.7,0
1899,130873.0,1266.1,0
1900,155291.0,1266.0,0
1901,148151.0,1264.57,0
1902,35092.0,1264.5,0
1903,17915.0,1264.35,0
1904,120799.0,1264.04,0
1905,146515.0,1264.01,0
1906,33458.0,1263.04,0
1907,23466.0,1262.93,0
1908,66025.0,1262.24,0
1909,41649.0,1262.0,0
1910,57312.0,1262.0,0
1911,143174.0,1261.99,0
1912,44214.0,1261.44,0
1913,84350.0,1261.4,0
1914,72047.0,1260.4,0
1915,124265.0,1260.26,0
1916,69342.0,1260.0,0
1917,123395.0,1260.0,0
1918,136843.0,1260.0,0
1919,68157.0,1259.98,0
1920,48807.0,1259.84,0
1921,142464.0,1259.17,0
1922,61278.0,1259.0,0
1923,47994.0,1258.8,0
1924,35350.0,1258.0,0
1925,155767.0,1258.0,0
1926,27787.0,1257.49,0
1927,149840.0,1256.86,0
1928,125509.0,1256.34,0
1929,48222.0,1256.0,0
1930,120637.0,1255.01,0
1931,151368.0,1255.0,0
1932,85509.0,1254.72,0
1933,58425.0,1254.1,0
1934,59904.0,1253.0,0
1935,119343.0,1252.74,0
1936,132351.0,1252.51,0
1937,56650.0,1252.36,0
1938,31456.0,1252.2,0
1939,45966.0,1251.05,0
1940,153065.0,1251.02,0
1941,135324.0,1250.6,0
1942,35599.0,1250.24,0
1943,29671.0,1250.0,0
1944,43579.0,1250.0,0
1945,53879.0,1250.0,0
1946,66573.0,1250.0,0
1947,155879.0,1250.0,0
1948,151622.0,1249.95,0
1949,60334.0,1249.9,0
1950,158727.0,1249.77,0
1951,132494.0,1249.0,0
1952,38392.0,1248.67,0
1953,52775.0,1248.0,0
1954,148705.0,1246.4,0
1955,168594.0,1246.0,0
1956,157588.0,1245.64,0
1957,55960.0,1245.58,0
1958,68418.0,1245.31,0
1959,164830.0,1245.04,0
1960,147947.0,1244.99,0
1961,134146.0,1244.93,0
1962,50170.0,1244.42,0
1963,156325.0,1243.6,0
1964,33764.0,1242.35,0
1965,136482.0,1241.91,0
1966,82174.0,1241.0,0
1967,87669.0,1240.72,0
1968,162059.0,1240.61,0
1969,152547.0,1240.27,0
1970,117777.0,1240.2,0
1971,50080.0,1239.88,0
1972,65655.0,1239.84,0
1973,64963.0,1238.64,0
1974,125086.0,1238.13,0
1975,78747.0,1238.12,0
1976,48160.0,1238.0,0
1977,165003.0,1236.98,0
1978,138894.0,1236.65,0
1979,157594.0,1236.5,0
1980,35464.0,1235.87,0
1981,70891.0,1235.79,0
1982,106812.0,1235.0,0
1983,149192.0,1234.55,0
1984,79298.0,1234.03,0
1985,144841.0,1234.01,0
1986,55128.0,1233.56,0
1987,120374.0,1233.2,0
1988,45024.0,1233.16,0
1989,134166.0,1231.76,0
1990,80131.0,1231.26,0
1991,134990.0,1231.08,0
1992,59149.0,1231.0,0
1993,130198.0,1231.0,0
1994,70521.0,1230.68,0
1995,22222.0,1230.49,0
1996,43417.0,1230.46,0
1997,59237.0,1230.0,0
1998,64748.0,1230.0,0
1999,165717.0,1229.54,0
2000,85073.0,1229.31,0
2001,40949.0,1229.0,0
2002,148412.0,1229.0,0
2003,10820.0,1228.99,0
2004,143705.0,1228.93,0
2005,27773.0,1228.82,0
2006,49624.0,1228.82,0
2007,112390.0,1228.82,0
2008,38506.0,1228.64,0
2009,84413.0,1228.0,0
2010,23642.0,1227.14,0
2011,114963.0,1226.84,0
2012,129231.0,1226.72,0
2013,60816.0,1226.7,0
2014,161507.0,1226.53,0
2015,150169.0,1226.52,0
2016,165991.0,1226.13,0
2017,138468.0,1225.56,0
2018,143092.0,1225.1,0
2019,141844.0,1225.0,0
2020,132813.0,1223.62,0
2021,72239.0,1223.24,0
2022,28427.0,1223.14,0
2023,142272.0,1222.7,0
2024,59813.0,1222.48,0
2025,140715.0,1221.04,0
2026,139221.0,1220.5,0
2027,126232.0,1220.06,0
2028,142834.0,1219.96,0
2029,18088.0,1218.89,1
2030,108348.0,1218.5,0
2031,125380.0,1218.4,0
2032,42583.0,1217.56,0
2033,50921.0,1217.56,0
2034,51768.0,1217.56,0
2035,151602.0,1217.5,0
2036,155238.0,1217.11,0
2037,37283.0,1217.0,0
2038,59343.0,1216.08,0
2039,41523.0,1216.0,0
2040,42155.0,1215.6,0
2041,162765.0,1215.51,0
2042,42309.0,1214.96,0
2043,148441.0,1214.96,0
2044,136128.0,1214.61,0
2045,68109.0,1214.35,0
2046,41455.0,1214.05,0
2047,124889.0,1214.02,0
2048,45282.0,1214.0,0
2049,140279.0,1213.25,0
2050,39402.0,1213.2,0
2051,59405.0,1213.02,0
2052,59511.0,1213.0,0
2053,28949.0,1212.68,0
2054,146319.0,1212.0,0
2055,162652.0,1212.0,0
2056,160626.0,1211.84,0
2057,67044.0,1211.56,0
2058,78771.0,1211.21,0
2059,30840.0,1210.95,0
2060,132170.0,1210.84,0
2061,121588.0,1210.25,0
2062,152578.0,1210.24,0
2063,145773.0,1210.0,0
2064,147063.0,1210.0,0
2065,51030.0,1209.74,0
2066,18229.0,1209.52,0
2067,51752.0,1209.51,0
2068,168638.0,1209.36,0
2069,43035.0,1209.34,0
2070,77262.0,1208.78,0
2071,72497.0,1208.32,0
2072,31388.0,1208.0,0
2073,74070.0,1207.85,0
2074,139436.0,1207.7,0
2075,54834.0,1207.69,0
2076,127621.0,1207.0,0
2077,156177.0,1206.71,0
2078,37470.0,1206.28,0
2079,128077.0,1206.14,0
2080,39717.0,1206.0,0
2081,151935.0,1205.68,0
2082,132221.0,1205.67,0
2083,151719.0,1205.18,0
2084,119815.0,1205.0,0
2085,149002.0,1205.0,0
2086,62413.0,1204.84,0
2087,147050.0,1204.8,0
2088,143218.0,1204.35,0
2089,64667.0,1204.2,0
2090,61700.0,1203.92,0
2091,153005.0,1203.86,0
2092,153080.0,1203.86,0
2093,153176.0,1203.86,0
2094,121580.0,1203.2,0
2095,85177.0,1203.04,0
2096,52731.0,1202.19,0
2097,147012.0,1201.93,0
2098,39954.0,1201.83,0
2099,139257.0,1201.2,0
2100,54874.0,1200.02,0
2101,30714.0,1200.0,0
2102,32879.0,1200.0,0
2103,38685.0,1200.0,0
2104,39138.0,1200.0,0
2105,40275.0,1200.0,0
2106,41493.0,1200.0,0
2107,48272.0,1200.0,0
2108,49004.0,1200.0,0
2109,49070.0,1200.0,0
2110,54825.0,1200.0,0
2111,56231.0,1200.0,0
2112,57789.0,1200.0,0
2113,58339.0,1200.0,0
2114,70695.0,1200.0,0
2115,120577.0,1200.0,0
2116,123565.0,1200.0,0
2117,124528.0,1200.0,0
2118,125163.0,1200.0,0
2119,138850.0,1200.0,0
2120,144264.0,1200.0,0
2121,146394.0,1200.0,0
2122,150720.0,1200.0,0
2123,161718.0,1200.0,0
2124,162582.0,1200.0,0
2125,167289.0,1200.0,0
2126,52974.0,1199.95,0
2127,126760.0,1199.42,0
2128,147704.0,1199.37,0
2129,49177.0,1199.0,0
2130,50792.0,1199.0,0
2131,60741.0,1199.0,0
2132,122736.0,1199.0,0
2133,136209.0,1199.0,0
2134,140057.0,1199.0,0
2135,57252.0,1198.76,0
2136,139105.0,1198.72,0
2137,119019.0,1198.55,0
2138,64118.0,1198.2,0
2139,32243.0,1198.0,0
2140,144154.0,1198.0,0
2141,142440.0,1197.99,0
2142,124246.0,1197.9,0
2143,75981.0,1197.75,0
2144,148812.0,1197.65,0
2145,48737.0,1197.16,0
2146,123984.0,1197.03,0
2147,59947.0,1196.88,0
2148,131306.0,1196.64,0
2149,155138.0,1196.54,0
2150,41286.0,1196.0,0
2151,41266.0,1195.54,0
2152,148958.0,1195.51,0
2153,50107.0,1195.0,0
2154,124008.0,1195.0,0
2155,153702.0,1194.28,0
2156,45953.0,1193.37,0
2157,33658.0,1192.42,0
2158,50468.0,1192.36,0
2159,57661.0,1192.36,0
2160,150175.0,1192.22,0
2161,161101.0,1192.06,0
2162,49078.0,1190.42,0
2163,55512.0,1190.4,0
2164,62293.0,1190.0,0
2165,90707.0,1190.0,0
2166,71835.0,1189.3,0
2167,155120.0,1188.07,0
2168,141198.0,1188.0,0
2169,29634.0,1187.92,0
2170,81421.0,1187.42,0
2171,124172.0,1187.09,0
2172,39683.0,1187.0,0
2173,35745.0,1186.98,0
2174,40259.0,1186.48,0
2175,75933.0,1186.2,0
2176,73305.0,1186.0,0
2177,151711.0,1185.99,0
2178,46681.0,1185.96,0
2179,86692.0,1185.92,0
2180,65305.0,1185.77,0
2181,71971.0,1185.63,0
2182,87123.0,1184.84,0
2183,146930.0,1184.83,0
2184,135500.0,1184.2,0
2185,160446.0,1184.2,0
2186,149481.0,1183.71,0
2187,129471.0,1183.32,0
2188,6557.0,1183.16,0
2189,36830.0,1183.0,0
2190,124820.0,1183.0,0
2191,43122.0,1182.91,0
2192,43132.0,1182.91,0
2193,131141.0,1182.74,0
2194,66003.0,1182.6,0
2195,151604.0,1181.39,0
2196,75537.0,1181.1,0
2197,131429.0,1180.7,0
2198,128441.0,1180.68,0
2199,52226.0,1180.25,0
2200,82744.0,1180.0,0
2201,145356.0,1178.96,0
2202,144440.0,1178.0,0
2203,152243.0,1178.0,0
2204,161179.0,1178.0,0
2205,52674.0,1177.84,0
2206,54691.0,1177.0,0
2207,114742.0,1176.9,0
2208,3766.0,1176.22,0
2209,71923.0,1175.8,0
2210,92189.0,1175.63,0
2211,149603.0,1175.5,0
2212,136369.0,1174.92,0
2213,27235.0,1174.85,0
2214,62700.0,1174.64,0
2215,169572.0,1174.4,0
2216,42571.0,1174.0,0
2217,80017.0,1174.0,0
2218,63929.0,1173.92,0
2219,51780.0,1173.87,0
2220,141613.0,1173.77,0
2221,44050.0,1173.33,0
2222,128430.0,1172.67,0
2223,145279.0,1172.39,0
2224,63316.0,1172.0,0
2225,60100.0,1171.39,0
2226,116249.0,1170.8,0
2227,116249.0,1170.8,0
2228,31944.0,1170.0,0
2229,136116.0,1170.0,0
2230,102779.0,1169.93,0
2231,162045.0,1169.92,0
2232,47015.0,1169.88,0
2233,50801.0,1169.5,0
2234,5793.0,1169.47,0
2235,6648.0,1169.47,0
2236,40292.0,1169.4,0
2237,165714.0,1169.12,0
2238,83026.0,1169.05,0
2239,40649.0,1168.84,0
2240,37086.0,1168.8,0
2241,46328.0,1168.71,0
2242,33540.0,1167.96,0
2243,122818.0,1167.5,0
2244,41228.0,1167.04,0
2245,123569.0,1167.0,0
2246,31537.0,1166.92,0
2247,158664.0,1165.75,0
2248,78606.0,1164.52,0
2249,46488.0,1164.36,0
2250,129446.0,1164.31,0
2251,26891.0,1164.0,0
2252,162834.0,1163.91,0
2253,163259.0,1163.91,0
2254,52606.0,1163.52,0
2255,41178.0,1163.5,0
2256,41817.0,1163.5,0
2257,128835.0,1163.43,0
2258,122841.0,1163.0,0
2259,128376.0,1162.8,0
2260,156290.0,1162.55,0
2261,138701.0,1162.47,0
2262,141824.0,1162.47,0
2263,141847.0,1162.47,0
2264,58340.0,1162.08,0
2265,102883.0,1161.73,0
2266,126325.0,1160.9,0
2267,67115.0,1160.58,0
2268,41189.0,1159.67,0
2269,125211.0,1159.24,0
2270,30046.0,1158.72,0
2271,151580.0,1158.3,0
2272,24878.0,1158.0,0
2273,45571.0,1158.0,0
2274,59232.0,1158.0,0
2275,145425.0,1158.0,0
2276,39559.0,1157.32,0
2277,39694.0,1157.32,0
2278,40221.0,1157.32,0
2279,40309.0,1157.32,0
2280,40324.0,1157.32,0
2281,129542.0,1156.69,0
2282,168053.0,1156.19,0
2283,52138.0,1156.0,0
2284,64539.0,1156.0,0
2285,120989.0,1156.0,0
2286,152869.0,1156.0,0
2287,48671.0,1155.54,0
2288,57937.0,1155.54,0
2289,138062.0,1155.54,0
2290,138830.0,1155.54,0
2291,151504.0,1155.54,0
2292,144568.0,1155.0,0
2293,141633.0,1154.94,0
2294,166961.0,1154.47,0
2295,146292.0,1154.26,0
2296,33552.0,1154.02,0
2297,74256.0,1153.51,0
2298,79606.0,1152.41,0
2299,83101.0,1152.0,0
2300,159135.0,1151.88,0
2301,143641.0,1150.59,0
2302,158355.0,1150.12,0
2303,42212.0,1150.0,0
2304,62268.0,1150.0,0
2305,62623.0,1150.0,0
2306,146218.0,1150.0,0
2307,148600.0,1150.0,0
2308,48467.0,1149.5,0
2309,76936.0,1149.12,0
2310,32444.0,1149.0,0
2311,45915.0,1149.0,0
2312,142465.0,1149.0,0
2313,43694.0,1148.99,0
2314,67936.0,1148.8,0
2315,116408.0,1148.6,0
2316,80491.0,1148.4,0
2317,146168.0,1148.0,0
2318,35267.0,1147.2,0
2319,35394.0,1147.2,0
2320,126650.0,1147.2,0
2321,75292.0,1146.88,0
2322,45170.0,1146.66,0
2323,150073.0,1146.53,0
2324,39418.0,1146.37,0
2325,171682.0,1146.0,0
2326,155686.0,1145.92,0
2327,63281.0,1145.8,0
2328,45685.0,1145.15,0
2329,60171.0,1144.93,0
2330,137405.0,1144.54,0
2331,129094.0,1144.5,0
2332,57336.0,1144.0,0
2333,64570.0,1143.92,0
2334,79991.0,1143.92,0
2335,138401.0,1143.84,0
2336,144010.0,1143.55,0
2337,73246.0,1143.4,0
2338,154846.0,1143.18,0
2339,59.0,1142.02,0
2340,60308.0,1142.0,0
2341,49907.0,1141.8,0
2342,74800.0,1141.67,0
2343,116168.0,1141.35,0
2344,131055.0,1141.33,0
2345,79267.0,1140.99,0
2346,51882.0,1140.61,0
2347,152560.0,1140.48,0
2348,37219.0,1140.44,0
2349,12151.0,1140.0,0
2350,37772.0,1140.0,0
2351,41431.0,1140.0,0
2352,157366.0,1140.0,0
2353,53289.0,1139.56,0
2354,44009.0,1139.5,0
2355,80002.0,1139.24,0
2356,61220.0,1138.26,0
2357,125518.0,1138.07,0
2358,155558.0,1138.0,0
2359,145365.0,1137.86,0
2360,145508.0,1137.84,0
2361,40062.0,1137.53,0
2362,87880.0,1137.36,0
2363,123275.0,1136.78,0
2364,74230.0,1136.36,0
2365,85581.0,1136.36,0
2366,122717.0,1136.02,0
2367,118582.0,1135.82,0
2368,51854.0,1135.25,0
2369,148655.0,1135.04,0
2370,74206.0,1134.94,0
2371,132695.0,1134.94,0
2372,162380.0,1134.6,0
2373,121369.0,1134.56,0
2374,52091.0,1134.09,0
2375,164552.0,1134.03,0
2376,162676.0,1133.88,0
2377,23232.0,1133.14,0
2378,78060.0,1133.0,0
2379,144288.0,1132.9,0
2380,120159.0,1132.32,0
2381,40835.0,1131.81,0
2382,50703.0,1131.68,0
2383,117290.0,1131.24,0
2384,146077.0,1131.21,0
2385,125892.0,1130.65,0
2386,43006.0,1130.46,0
2387,60729.0,1130.0,0
2388,116218.0,1130.0,0
2389,138334.0,1130.0,0
2390,153003.0,1129.99,0
2391,56958.0,1129.92,0
2392,61036.0,1129.92,0
2393,164062.0,1129.82,0
2394,45237.0,1129.5,0
2395,52405.0,1129.35,0
2396,123310.0,1129.28,0
2397,5164.0,1129.1,0
2398,71862.0,1129.0,0
2399,151487.0,1129.0,0
2400,135923.0,1128.9,0
2401,36822.0,1128.5,0
2402,138921.0,1128.35,0
2403,125355.0,1128.2,0
2404,125639.0,1128.2,0
2405,1267.0,1127.78,0
2406,139008.0,1127.78,0
2407,125112.0,1127.49,0
2408,76321.0,1127.04,0
2409,58060.0,1127.0,0
2410,75311.0,1126.96,0
2411,75618.0,1126.36,0
2412,77436.0,1126.0,0
2413,155059.0,1126.0,0
2414,56211.0,1125.0,0
2415,69991.0,1125.0,0
2416,158497.0,1125.0,0
2417,52171.0,1124.97,0
2418,37460.0,1124.94,0
2419,44119.0,1124.25,0
2420,129569.0,1123.98,0
2421,38925.0,1123.94,0
2422,126252.0,1123.64,0
2423,71189.0,1123.55,0
2424,22722.0,1123.16,0
2425,54771.0,1122.26,0
2426,146620.0,1122.16,0
2427,76141.0,1122.11,0
2428,144724.0,1122.0,0
2429,34281.0,1121.37,0
2430,73133.0,1121.22,0
2431,164536.0,1120.8,0
2432,124680.0,1120.18,0
2433,61208.0,1120.0,0
2434,43940.0,1119.79,0
2435,124748.0,1118.98,0
2436,79046.0,1118.05,0
2437,28883.0,1118.0,0
2438,145114.0,1117.84,0
2439,59464.0,1117.44,0
2440,147717.0,1117.0,0
2441,141145.0,1116.43,0
2442,119542.0,1115.66,0
2443,76016.0,1115.47,0
2444,161717.0,1115.15,0
2445,168939.0,1115.06,0
2446,79160.0,1114.1,0
2447,7522.0,1114.02,0
2448,172397.0,1114.0,0
2449,58560.0,1113.08,0
2450,75346.0,1112.94,0
2451,69649.0,1112.9,0
2452,165839.0,1112.64,0
2453,74812.0,1112.4,0
2454,136648.0,1110.95,0
2455,154692.0,1110.83,0
2456,39283.0,1110.72,0
2457,30770.0,1110.56,0
2458,39529.0,1110.46,0
2459,36826.0,1110.4,0
2460,126042.0,1110.32,0
2461,165082.0,1110.05,0
2462,75770.0,1109.76,0
2463,1519.0,1109.2,0
2464,40437.0,1108.39,0
2465,52875.0,1108.09,0
2466,35885.0,1108.0,0
2467,123868.0,1107.89,0
2468,120920.0,1107.65,0
2469,123624.0,1107.16,0
2470,147154.0,1106.75,0
2471,151461.0,1106.75,0
2472,154488.0,1106.75,0
2473,128260.0,1106.42,0
2474,129327.0,1106.04,0
2475,43697.0,1105.99,0
2476,155438.0,1105.99,0
2477,131567.0,1105.78,0
2478,37950.0,1105.5,0
2479,155324.0,1103.37,0
2480,38980.0,1103.16,0
2481,86190.0,1103.11,0
2482,168576.0,1103.0,0
2483,36970.0,1102.88,0
2484,32370.0,1102.8,0
2485,115706.0,1102.8,0
2486,128258.0,1102.37,0
2487,51053.0,1102.31,0
2488,139744.0,1101.2,0
2489,125630.0,1101.04,0
2490,128376.0,1101.0,0
2491,164852.0,1101.0,0
2492,70638.0,1100.4,0
2493,37652.0,1100.0,0
2494,43855.0,1100.0,0
2495,45565.0,1100.0,0
2496,52943.0,1100.0,0
2497,74639.0,1100.0,0
2498,77390.0,1100.0,0
2499,120596.0,1100.0,0
2500,123944.0,1100.0,0
2501,126268.0,1100.0,0
2502,141984.0,1100.0,0
2503,148727.0,1100.0,0
2504,128593.0,1099.67,0
2505,42397.0,1099.28,0
2506,47915.0,1099.0,0
2507,83113.0,1099.0,0
2508,84574.0,1099.0,0
2509,128589.0,1099.0,0
2510,118844.0,1098.21,0
2511,35497.0,1098.0,0
2512,144039.0,1098.0,0
2513,144197.0,1098.0,0
2514,126993.0,1097.84,0
2515,72884.0,1097.1,0
2516,154309.0,1096.99,1
2517,162760.0,1096.63,0
2518,60987.0,1096.56,0
2519,63467.0,1096.56,0
2520,79630.0,1096.38,0
2521,132788.0,1096.32,0
2522,143777.0,1096.04,0
2523,141454.0,1096.0,0
2524,76097.0,1095.97,0
2525,61373.0,1095.0,0
2526,60097.0,1094.99,0
2527,128151.0,1094.65,0
2528,141494.0,1094.24,0
2529,67564.0,1094.12,0
2530,140842.0,1093.99,0
2531,72724.0,1093.95,0
2532,168964.0,1093.36,0
2533,120379.0,1093.0,0
2534,33008.0,1092.9,0
2535,155877.0,1092.5,0
2536,135095.0,1092.48,0
2537,70491.0,1092.0,0
2538,85142.0,1091.67,0
2539,80749.0,1090.58,0
2540,49649.0,1090.52,0
2541,128213.0,1090.4,0
2542,57879.0,1090.36,0
2543,52733.0,1090.16,0
2544,77715.0,1090.0,0
2545,130493.0,1090.0,0
2546,137607.0,1090.0,0
2547,147180.0,1090.0,0
2548,139285.0,1089.48,0
2549,164085.0,1089.47,0
2550,154009.0,1089.24,0
2551,165021.0,1089.05,0
2552,158558.0,1088.96,0
2553,41635.0,1088.91,0
2554,164913.0,1088.86,0
2555,144715.0,1088.72,0
2556,66436.0,1088.6,0
2557,54914.0,1088.59,0
2558,42945.0,1088.52,0
2559,172199.0,1088.04,0
2560,154157.0,1088.0,0
2561,48068.0,1086.77,0
2562,40284.0,1086.5,0
2563,40993.0,1086.5,0
2564,40641.0,1086.36,0
2565,129400.0,1086.18,0
2566,122601.0,1086.0,0
2567,72436.0,1085.6,0
2568,140841.0,1084.89,0
2569,78957.0,1084.71,0
2570,107652.0,1084.69,0
2571,79686.0,1084.45,0
2572,59077.0,1084.0,0
2573,117984.0,1084.0,0
2574,140079.0,1084.0,0
2575,83684.0,1083.94,0
2576,34230.0,1083.74,0
2577,142289.0,1083.39,0
2578,39577.0,1083.18,0
2579,137511.0,1082.67,0
2580,34350.0,1082.53,0
2581,63274.0,1082.43,0
2582,117351.0,1081.8,0
2583,139381.0,1081.5,0
2584,170878.0,1080.76,0
2585,62619.0,1080.12,0
2586,55804.0,1080.06,0
2587,34317.0,1080.0,0
2588,54461.0,1080.0,0
2589,160515.0,1080.0,0
2590,59635.0,1079.74,0
2591,125533.0,1079.32,0
2592,65984.0,1078.16,0
2593,76286.0,1078.0,0
2594,85534.0,1078.0,0
2595,163732.0,1077.35,0
2596,167864.0,1077.0,0
2597,120156.0,1076.9,0
2598,59604.0,1076.26,0
2599,36504.0,1076.04,0
2600,49373.0,1075.96,0
2601,73453.0,1075.54,0
2602,155542.0,1075.54,0
2603,34349.0,1075.38,0
2604,118398.0,1075.33,0
2605,118496.0,1075.03,0
2606,61324.0,1074.8,0
2607,80492.0,1074.8,0
2608,84218.0,1074.6,0
2609,50890.0,1074.09,0
2610,147157.0,1073.87,0
2611,61444.0,1073.71,0
2612,126951.0,1073.62,0
2613,54066.0,1073.58,0
2614,117501.0,1073.55,0
2615,119690.0,1073.52,0
2616,84014.0,1073.4,0
2617,41962.0,1071.98,0
2618,151071.0,1071.5,0
2619,110055.0,1071.11,0
2620,131538.0,1071.08,0
2621,51084.0,1071.0,0
2622,126111.0,1070.5,0
2623,142770.0,1070.3,0
2624,58199.0,1070.0,0
2625,78214.0,1069.98,0
2626,71582.0,1069.49,0
2627,145332.0,1069.32,0
2628,69315.0,1069.29,0
2629,129184.0,1069.25,0
2630,3042.0,1068.62,0
2631,51862.0,1068.55,0
2632,51941.0,1068.55,0
2633,52010.0,1068.55,0
2634,114140.0,1068.55,0
2635,74485.0,1068.0,0
2636,82940.0,1067.99,0
2637,37096.0,1067.6,0
2638,143232.0,1067.46,0
2639,125657.0,1067.21,0
2640,143813.0,1067.21,0
2641,64110.0,1066.37,0
2642,135172.0,1066.18,0
2643,127887.0,1066.1,0
2644,64128.0,1066.0,0
2645,46683.0,1065.73,0
2646,147039.0,1065.62,0
2647,75942.0,1065.4,0
2648,126052.0,1064.9,0
2649,138945.0,1064.82,0
2650,143763.0,1064.41,0
2651,41029.0,1064.35,0
2652,84871.0,1064.04,0
2653,51422.0,1064.0,0
2654,163673.0,1064.0,0
2655,144263.0,1063.57,0
2656,80390.0,1063.52,0
2657,127897.0,1063.28,0
2658,142556.0,1063.18,0
2659,14355.0,1062.72,0
2660,77182.0,1061.79,0
2661,51709.0,1061.69,0
2662,28778.0,1061.44,0
2663,84098.0,1061.25,0
2664,84649.0,1061.25,0
2665,85077.0,1061.17,0
2666,137453.0,1061.17,0
2667,140359.0,1060.85,0
2668,144917.0,1060.74,0
2669,137229.0,1060.3,0
2670,59604.0,1060.17,0
2671,55731.0,1060.0,0
2672,147231.0,1060.0,0
2673,37339.0,1059.95,0
2674,136599.0,1059.75,0
2675,149133.0,1059.28,0
2676,50996.0,1059.07,0
2677,163484.0,1058.76,0
2678,150015.0,1058.0,0
2679,61549.0,1057.91,0
2680,37005.0,1057.9,0
2681,50184.0,1057.82,0
2682,66991.0,1057.32,0
2683,125070.0,1056.93,0
2684,156392.0,1056.57,0
2685,73793.0,1056.0,0
2686,157497.0,1055.9,0
2687,60216.0,1055.19,0
2688,1850.0,1055.12,0
2689,9105.0,1055.0,0
2690,126595.0,1054.96,0
2691,40292.0,1054.86,0
2692,41656.0,1054.75,0
2693,84248.0,1054.46,0
2694,140396.0,1054.42,0
2695,146573.0,1054.14,0
2696,63997.0,1054.0,0
2697,97243.0,1053.99,0
2698,123858.0,1053.85,0
2699,57285.0,1053.72,0
2700,35473.0,1053.55,0
2701,146588.0,1053.31,0
2702,44985.0,1053.0,0
2703,132394.0,1052.92,0
2704,147286.0,1052.9,0
2705,155528.0,1052.55,0
2706,76442.0,1050.82,0
2707,141678.0,1050.6,0
2708,34372.0,1050.45,0
2709,130073.0,1050.3,0
2710,132024.0,1050.2,0
2711,51870.0,1050.0,0
2712,66540.0,1050.0,0
2713,79263.0,1050.0,0
2714,127742.0,1050.0,0
2715,131864.0,1050.0,0
2716,158943.0,1050.0,0
2717,77746.0,1049.91,0
2718,139052.0,1049.61,0
2719,82280.0,1049.0,0
2720,137302.0,1048.78,0
2721,139835.0,1048.61,0
2722,67367.0,1048.58,0
2723,62017.0,1048.25,0
2724,146784.0,1047.08,0
2725,44004.0,1047.0,0
2726,125026.0,1046.99,0
2727,42659.0,1046.0,0
2728,56049.0,1045.76,0
2729,35470.0,1045.63,0
2730,34785.0,1044.06,0
2731,82899.0,1044.0,0
2732,91872.0,1043.64,0
2733,3052.0,1043.56,0
2734,162273.0,1043.52,0
2735,126932.0,1043.32,0
2736,27126.0,1043.0,0
2737,43849.0,1043.0,0
2738,157180.0,1042.89,0
2739,128683.0,1042.8,0
2740,34904.0,1042.22,0
2741,59822.0,1041.88,0
2742,97405.0,1041.76,0
2743,125326.0,1041.16,0
2744,78785.0,1040.96,0
2745,122288.0,1040.84,0
2746,120153.0,1040.38,0
2747,130109.0,1040.24,0
2748,46509.0,1040.0,0
2749,155255.0,1040.0,0
2750,40156.0,1039.92,0
2751,59970.0,1039.89,0
2752,63433.0,1039.5,0
2753,29157.0,1039.31,0
2754,75064.0,1038.99,0
2755,45367.0,1038.77,0
2756,150593.0,1038.6,0
2757,127726.0,1038.11,0
2758,134857.0,1038.1,0
2759,73928.0,1038.0,0
2760,146635.0,1038.0,0
2761,130500.0,1037.92,0
2762,131637.0,1037.85,0
2763,121958.0,1036.93,0
2764,122718.0,1036.56,0
2765,52252.0,1036.49,0
2766,128518.0,1036.47,0
2767,62059.0,1035.93,0
2768,61974.0,1035.83,0
2769,57156.0,1035.82,0
2770,36036.0,1035.25,0
2771,40970.0,1035.18,0
2772,146256.0,1035.0,0
2773,9048.0,1034.35,0
2774,97027.0,1034.19,0
2775,125395.0,1033.24,0
2776,35538.0,1033.2,0
2777,36062.0,1033.2,0
2778,123773.0,1032.85,0
2779,160634.0,1032.8,0
2780,80455.0,1032.0,0
2781,126367.0,1031.86,0
2782,141625.0,1031.85,0
2783,78408.0,1031.49,0
2784,70112.0,1031.42,0
2785,35893.0,1031.06,0
2786,43566.0,1030.76,0
2787,157462.0,1030.68,0
2788,74172.0,1030.4,0
2789,63378.0,1030.26,0
2790,28956.0,1030.1,0
2791,135827.0,1030.0,0
2792,59749.0,1029.89,0
2793,63513.0,1029.76,0
2794,32107.0,1029.75,0
2795,26043.0,1029.64,0
2796,151368.0,1029.48,0
2797,36260.0,1029.2,0
2798,46752.0,1029.0,0
2799,45240.0,1028.9,0
2800,58212.0,1028.9,0
2801,47107.0,1028.85,0
2802,32301.0,1028.0,0
2803,77386.0,1028.0,0
2804,134629.0,1027.74,0
2805,79689.0,1027.42,0
2806,127266.0,1027.15,0
2807,82474.0,1026.9,0
2808,132333.0,1026.72,0
2809,171943.0,1026.46,0
2810,73523.0,1026.0,0
2811,132080.0,1026.0,0
2812,92380.0,1025.92,0
2813,142307.0,1025.8,0
2814,51652.0,1025.76,0
2815,145978.0,1025.69,0
2816,122807.0,1025.64,0
2817,39992.0,1025.3,0
2818,43775.0,1025.0,0
2819,47085.0,1025.0,0
2820,119550.0,1025.0,0
2821,170009.0,1024.84,0
2822,124566.0,1024.58,0
2823,146063.0,1024.08,0
2824,126307.0,1023.93,0
2825,142001.0,1023.54,0
2826,39892.0,1023.22,0
2827,169287.0,1023.16,0
2828,39006.0,1023.14,0
2829,37014.0,1022.98,0
2830,127363.0,1022.78,0
2831,124548.0,1022.42,0
2832,55051.0,1022.4,0
2833,77668.0,1022.31,0
2834,140829.0,1021.97,0
2835,116172.0,1021.31,0
2836,75802.0,1021.0,0
2837,156433.0,1020.98,0
2838,124848.0,1020.8,0
2839,56084.0,1020.39,0
2840,139228.0,1020.0,0
2841,142143.0,1020.0,0
2842,103080.0,1018.98,0
2843,133798.0,1018.92,0
2844,40720.0,1018.56,0
2845,89090.0,1018.43,0
2846,138740.0,1018.12,0
