Time,Amount,Class,transaction_count
163152.0,7.56,0,36
64947.0,4.49,0,26
68780.0,320.05,0,25
3767.0,1.83,0,21
3770.0,74.0,0,20
140347.0,68.09,0,19
128860.0,22.89,0,19
19912.0,5.0,0,19
3750.0,50.0,0,19
143083.0,6.18,0,18
156037.0,53.0,0,17
73885.0,99.0,0,17
39897.0,6.22,0,17
3766.0,80.85,0,17
3760.0,52.76,0,17
3749.0,35.12,0,17
3755.0,40.82,0,16
19913.0,5.0,0,15
19911.0,5.0,0,15
3771.0,44.23,0,15
3756.0,136.71,0,15
3754.0,27.1,0,15
3747.0,50.83,0,15
142583.0,1.78,0,14
141741.0,190.75,0,14
19914.0,5.0,0,14
19910.0,10.0,0,14
3763.0,60.69,0,14
3748.0,88.81,0,14
142790.0,2.17,0,13
109835.0,14.55,0,13
48321.0,571.44,0,13
43153.0,27.86,0,13
39396.0,1.29,0,13
33527.0,7.95,0,13
19909.0,5.0,0,13
19906.0,5.0,0,13
3757.0,8.0,0,13
3752.0,12.0,0,13
138119.0,1.0,0,12
82654.0,43.05,0,12
76175.0,4.02,0,12
65442.0,179.0,0,12
63823.0,68.76,0,12
33537.0,7.95,0,12
33524.0,7.68,0,12
33522.0,14.95,0,12
19915.0,10.0,0,12
19902.0,10.0,0,12
19900.0,20.0,0,12
19899.0,20.0,0,12
3761.0,25.81,0,12
156035.0,45.0,0,11
155852.0,25.3,0,11
149337.0,2.72,0,11
148540.0,32.0,0,11
148067.0,424.24,0,11
127266.0,59.0,0,11
79352.0,0.89,0,11
78018.0,2.28,0,11
72639.0,168.99,0,11
68965.0,1.0,0,11
54329.0,155.85,0,11
39703.0,0.77,0,11
35051.0,29.07,0,11
34317.0,1080.0,0,11
33534.0,9.95,0,11
19905.0,5.0,0,11
19903.0,33.0,0,11
3759.0,23.15,0,11
167397.0,50.52,0,10
158688.0,2.97,0,10
156086.0,4.43,0,10
152242.0,9.99,0,10
147543.0,116.0,0,10
143226.0,10.68,0,10
141925.0,2.69,0,10
138217.0,94.47,0,10
137790.0,15.05,0,10
137487.0,71.62,0,10
125572.0,87.68,0,10
80553.0,22.13,0,10
79207.0,0.15,0,10
78329.0,117.26,0,10
77517.0,7.69,0,10
70626.0,0.89,0,10
67949.0,0.76,0,10
65184.0,9.03,0,10
53048.0,10.0,0,10
41927.0,12.65,0,10
38624.0,16.5,0,10
37538.0,294.0,0,10
37063.0,65.46,0,10
19908.0,5.0,0,10
19898.0,10.0,0,10
3769.0,8.97,0,10
3758.0,44.56,0,10
3753.0,76.82,0,10
3751.0,25.0,0,10
3746.0,15.96,0,10
2270.0,21.97,0,10
170731.0,0.76,0,9
169843.0,57.14,0,9
165598.0,4.56,0,9
164361.0,33.47,0,9
163461.0,4.49,0,9
154163.0,9.99,0,9
153790.0,93.0,0,9
150790.0,48.52,0,9
150610.0,7.98,0,9
148203.0,100.0,0,9
147240.0,1.0,0,9
144010.0,57.81,0,9
143324.0,16.73,0,9
141768.0,33.0,0,9
136944.0,84.92,0,9
132854.0,189.81,0,9
130784.0,2.97,0,9
130552.0,1.0,0,9
129572.0,14.27,0,9
129422.0,9.99,0,9
129033.0,143.44,0,9
128289.0,82.6,0,9
127439.0,38.0,0,9
122505.0,23.52,0,9
121315.0,24.99,0,9
120852.0,11.8,0,9
109837.0,1.0,0,9
83750.0,47.0,0,9
79533.0,40.0,0,9
79498.0,1.0,0,9
79461.0,1.0,0,9
79459.0,83.99,0,9
78668.0,1.0,0,9
78040.0,5.3,0,9
78035.0,2.0,0,9
78029.0,39.75,0,9
78004.0,66.6,0,9
77966.0,65.04,0,9
76258.0,5.89,0,9
74524.0,187.19,0,9
73887.0,88.0,0,9
73651.0,82.86,0,9
73523.0,1026.0,0,9
73133.0,1121.22,0,9
70706.0,54.0,0,9
69987.0,14.9,0,9
69645.0,5.13,0,9
69389.0,45.68,0,9
69211.0,77.0,0,9
68890.0,99.0,0,9
66782.0,19.95,0,9
65022.0,6.11,0,9
58832.0,24.7,0,9
57926.0,18.39,0,9
54938.0,37.53,0,9
53620.0,105.0,0,9
53419.0,1.98,0,9
50461.0,4275.58,0,9
50460.0,77.55,0,9
43695.0,393.5,0,9
42927.0,520.6,0,9
41525.0,58.92,0,9
36989.0,5.76,0,9
36030.0,25.9,0,9
33708.0,24.45,0,9
33541.0,9.95,0,9
33539.0,7.95,0,9
33535.0,4.95,0,9
33525.0,15.62,0,9
19904.0,5.0,0,9
19896.0,8.0,0,9
3764.0,26.0,0,9
3762.0,43.95,0,9
165964.0,3.6,0,8
165842.0,10.2,0,8
165630.0,7.69,0,8
164684.0,10.99,0,8
164314.0,7.16,0,8
164085.0,4.8,0,8
163685.0,1.0,0,8
163612.0,7.39,0,8
163345.0,223.0,0,8
163069.0,18.97,0,8
162487.0,3.17,0,8
162434.0,28.92,0,8
162332.0,4.99,0,8
162013.0,338.0,0,8
161496.0,140.75,0,8
159768.0,15.0,0,8
159741.0,12.99,0,8
159646.0,81.8,0,8
158554.0,378.0,0,8
158247.0,30.0,0,8
157804.0,578.8,0,8
156069.0,86.37,0,8
152406.0,8.04,0,8
152252.0,20.0,0,8
151769.0,0.99,0,8
151746.0,9.99,0,8
151458.0,1.0,0,8
151264.0,89.0,0,8
150908.0,9.99,0,8
150420.0,71.05,0,8
150049.0,72.6,0,8
149668.0,79.99,0,8
149443.0,1.98,0,8
149371.0,0.02,0,8
148669.0,10.28,0,8
148072.0,100.0,0,8
147528.0,0.99,0,8
147211.0,10.0,0,8
147134.0,372.66,0,8
146324.0,39.58,0,8
145964.0,1.98,0,8
145887.0,11.8,0,8
145598.0,1.98,0,8
144948.0,261.59,0,8
144920.0,116.0,0,8
144473.0,32.0,0,8
144224.0,125.0,0,8
144203.0,299.2,0,8
143724.0,47.9,0,8
143703.0,4.4,0,8
143563.0,56.84,0,8
143500.0,2.75,0,8
142584.0,0.78,0,8
142220.0,0.0,0,8
141166.0,12.54,0,8
139912.0,59.7,0,8
139830.0,3.7,0,8
139617.0,4.49,0,8
138512.0,0.0,0,8
137910.0,33.63,0,8
137748.0,6.99,0,8
137724.0,29.0,0,8
136575.0,2.26,0,8
136388.0,331.65,0,8
135392.0,9.99,0,8
135341.0,19.99,0,8
135109.0,69.45,0,8
133975.0,36.29,0,8
133642.0,40.0,0,8
131472.0,9.99,0,8
131417.0,73.39,0,8
131356.0,1.0,0,8
130470.0,10.24,0,8
130172.0,149.79,0,8
129953.0,15.0,0,8
129847.0,7.99,0,8
129762.0,50.0,0,8
129391.0,134.0,0,8
129231.0,50.0,0,8
128571.0,37.17,0,8
128255.0,138.0,0,8
127476.0,165.0,0,8
126642.0,10.64,0,8
125677.0,1.78,0,8
125579.0,32.87,0,8
125365.0,39.84,0,8
124593.0,6.06,0,8
124562.0,3.59,0,8
123386.0,16.99,0,8
123071.0,0.0,0,8
122873.0,120.0,0,8
122806.0,90.94,0,8
122767.0,186.0,0,8
122348.0,148.08,0,8
122075.0,18.0,0,8
121910.0,25.9,0,8
121898.0,14.64,0,8
121869.0,4.22,0,8
121629.0,48.85,0,8
121363.0,29.99,0,8
121193.0,84.8,0,8
121078.0,1.0,0,8
119801.0,2.95,0,8
119434.0,34.95,0,8
118814.0,8.83,0,8
87057.0,3.66,0,8
82347.0,32.01,0,8
81381.0,195.0,0,8
80488.0,59.82,0,8
80467.0,5.15,0,8
80311.0,59.99,0,8
80280.0,23.93,0,8
80209.0,19.0,0,8
80086.0,0.89,0,8
79977.0,16.99,0,8
79500.0,6.24,0,8
79490.0,1.0,0,8
79486.0,1.0,0,8
79435.0,79.0,0,8
79422.0,12.51,0,8
79414.0,55.74,0,8
79402.0,5.0,0,8
79371.0,1.0,0,8
79297.0,1.0,0,8
79260.0,1.0,0,8
79224.0,9.63,0,8
78886.0,68.75,0,8
78795.0,15.5,0,8
78785.0,10.0,0,8
78631.0,479.0,0,8
78060.0,30.0,0,8
78038.0,3.58,0,8
77993.0,1.98,0,8
77985.0,1.0,0,8
77983.0,0.69,0,8
77957.0,28.75,0,8
77680.0,9.95,0,8
77569.0,139.0,0,8
77544.0,1.79,0,8
77360.0,42.44,0,8
77295.0,1.98,0,8
77265.0,168.27,0,8
77085.0,5.99,0,8
77015.0,48.94,0,8
76631.0,13.79,0,8
76617.0,47.85,0,8
76095.0,68.8,0,8
76062.0,1.5,0,8
76057.0,11.5,0,8
75783.0,450.0,0,8
75685.0,29.99,0,8
75315.0,9.99,0,8
75042.0,75.0,0,8
75041.0,517.57,0,8
74044.0,0.89,0,8
73886.0,67.66,0,8
73773.0,38.75,0,8
73067.0,28.0,0,8
72906.0,22.95,0,8
72820.0,0.61,0,8
72767.0,44.99,0,8
71899.0,33.3,0,8
71861.0,49.95,0,8
71858.0,8.13,0,8
71701.0,81.71,0,8
71593.0,2.0,0,8
70847.0,41.9,0,8
70825.0,6.95,0,8
70103.0,9.99,0,8
69991.0,220.52,0,8
68851.0,35.39,0,8
68744.0,70.0,0,8
68445.0,1.89,0,8
67884.0,14.9,0,8
67841.0,9.99,0,8
67764.0,1.6,0,8
67516.0,1.0,0,8
67484.0,4.6,0,8
67461.0,5.8,0,8
67421.0,4.99,0,8
66649.0,6.99,0,8
66038.0,11.5,0,8
65290.0,10.99,0,8
64316.0,1.79,0,8
62590.0,0.99,0,8
62476.0,138.97,0,8
62348.0,3.92,0,8
61797.0,12.95,0,8
61434.0,52.0,0,8
61199.0,31.35,0,8
60789.0,9.99,0,8
60334.0,418.2,0,8
60042.0,5.2,0,8
59420.0,19.99,0,8
58078.0,23.54,0,8
57135.0,250.0,0,8
55960.0,1245.58,0,8
55808.0,1.0,0,8
55797.0,22.87,0,8
55262.0,1.29,0,8
55224.0,7.71,0,8
55197.0,2.0,0,8
55158.0,4.99,0,8
55006.0,104.65,0,8
54883.0,199.0,0,8
54325.0,45.5,0,8
54201.0,552.26,0,8
53641.0,1.0,0,8
53132.0,4.7,0,8
51746.0,3.84,0,8
51410.0,11.5,0,8
50541.0,2.69,0,8
50537.0,65.71,0,8
50471.0,0.99,0,8
50348.0,7.5,0,8
50203.0,9.46,0,8
50049.0,705.0,0,8
49950.0,1.98,0,8
47979.0,49.54,0,8
47714.0,1.29,0,8
47252.0,11.9,0,8
46727.0,66.0,0,8
44852.0,12.31,0,8
44708.0,12.23,0,8
44278.0,141.48,0,8
44181.0,598.95,0,8
43741.0,15.15,0,8
43572.0,11.49,0,8
42436.0,17.0,0,8
42181.0,1563.21,0,8
41710.0,6.3,0,8
41273.0,62.6,0,8
39871.0,25.78,0,8
39392.0,370.0,0,8
38221.0,0.99,0,8
37884.0,51.5,0,8
36669.0,31.94,0,8
36382.0,131.13,0,8
36111.0,0.89,0,8
35273.0,428.77,0,8
34706.0,4.54,0,8
34537.0,19.72,0,8
33542.0,1.0,0,8
33540.0,84.85,0,8
33538.0,109.9,0,8
33532.0,7.95,0,8
33519.0,22.95,0,8
33285.0,45.11,0,8
32851.0,20.47,0,8
32349.0,1.52,0,8
31644.0,130.9,0,8
31557.0,0.99,0,8
19907.0,5.0,0,8
19901.0,10.0,0,8
19890.0,10.0,0,8
14456.0,39.0,0,8
11032.0,47.85,0,8
11004.0,15.95,0,8
3745.0,83.06,0,8
170643.0,11.3,0,7
170364.0,210.0,0,7
170104.0,18.86,0,7
168079.0,19.99,0,7
167266.0,1.0,0,7
167138.0,81.0,0,7
167008.0,3.47,0,7
166463.0,50.0,0,7
166166.0,16.25,0,7
165908.0,21.03,0,7
165602.0,1.0,0,7
165595.0,23.51,0,7
165576.0,1.0,0,7
165354.0,3.59,0,7
164939.0,10.62,0,7
164789.0,355.9,0,7
164242.0,181.0,0,7
164194.0,59.0,0,7
163984.0,11.5,0,7
163892.0,19.98,0,7
163706.0,45.9,0,7
163675.0,1.0,0,7
163661.0,99.82,0,7
163625.0,5.99,0,7
163622.0,2.69,0,7
163316.0,182.7,0,7
163195.0,9.72,0,7
163190.0,192.0,0,7
162608.0,10.28,0,7
162602.0,300.43,0,7
162577.0,1.98,0,7
162480.0,989.93,0,7
162290.0,22.99,0,7
161692.0,64.24,0,7
161690.0,9.99,0,7
160939.0,47.0,0,7
160833.0,248.52,0,7
160600.0,18.9,0,7
160264.0,81.9,0,7
160263.0,259.0,0,7
160262.0,259.0,0,7
160013.0,2.25,0,7
159974.0,29.99,0,7
159888.0,120.0,0,7
159870.0,1.0,0,7
159590.0,3.27,0,7
159334.0,20.11,0,7
158877.0,1.98,0,7
157769.0,176.13,0,7
157729.0,29.95,0,7
157486.0,112.27,0,7
157117.0,9.99,0,7
157019.0,90.0,0,7
156632.0,0.89,0,7
156324.0,35.42,0,7
156319.0,53.07,0,7
156172.0,1.0,0,7
156087.0,1.98,0,7
156055.0,0.76,0,7
155916.0,5.99,0,7
155901.0,24.99,0,7
155605.0,162.18,0,7
155400.0,0.0,0,7
155348.0,43.98,0,7
155270.0,12.0,0,7
155092.0,1.0,0,7
154938.0,4.0,0,7
154689.0,22.86,0,7
153786.0,3.0,0,7
153696.0,10.99,0,7
153670.0,1.0,0,7
153633.0,9.99,0,7
153605.0,5.8,0,7
153579.0,45.94,0,7
153536.0,1.0,0,7
153136.0,9.99,0,7
153092.0,55.0,0,7
153029.0,18.72,0,7
153016.0,25.9,0,7
152968.0,13.99,0,7
152967.0,50.0,0,7
152759.0,22.65,0,7
152535.0,26.6,0,7
152326.0,240.54,0,7
152063.0,0.76,0,7
152016.0,6.0,0,7
151854.0,374.0,0,7
151569.0,29.0,0,7
151499.0,25.79,0,7
151117.0,8.99,0,7
151031.0,7.99,0,7
150877.0,20.02,0,7
150689.0,64.89,0,7
150656.0,59.16,0,7
149756.0,1.98,0,7
149660.0,10.2,0,7
149597.0,3.79,0,7
149164.0,25.5,0,7
149152.0,1.98,0,7
149124.0,330.0,0,7
149050.0,6.49,0,7
149002.0,1205.0,0,7
148887.0,3.56,0,7
148874.0,42.81,0,7
148866.0,175.0,0,7
148670.0,32.0,0,7
148654.0,9.49,0,7
148399.0,4.06,0,7
148387.0,8.0,0,7
148337.0,7.32,0,7
147983.0,18.5,0,7
147966.0,13.98,0,7
147824.0,9.95,0,7
147796.0,476.12,0,7
147585.0,1.98,0,7
147526.0,10.0,0,7
147488.0,32.95,0,7
147485.0,92.63,0,7
147465.0,42.0,0,7
147430.0,60.57,0,7
147429.0,1.0,0,7
147191.0,300.0,0,7
147123.0,69.2,0,7
147077.0,19.5,0,7
147025.0,10.0,0,7
147018.0,68.23,0,7
146997.0,1.08,0,7
146939.0,290.04,0,7
146815.0,25.0,0,7
146791.0,159.46,0,7
146546.0,59.8,0,7
146491.0,3.58,0,7
146445.0,25.0,0,7
146309.0,411.85,0,7
146073.0,64.8,0,7
146037.0,8.96,0,7
146026.0,29.87,0,7
146016.0,14.33,0,7
145980.0,1.98,0,7
145967.0,7.72,0,7
145926.0,5.99,0,7
145890.0,4.49,0,7
145803.0,120.5,0,7
145525.0,4.17,0,7
145317.0,18.0,0,7
145016.0,173.73,0,7
144804.0,218.0,0,7
144800.0,0.73,0,7
144618.0,8.99,0,7
144610.0,433.97,0,7
144568.0,187.7,0,7
144496.0,65.5,0,7
144493.0,22.56,0,7
144480.0,1.78,0,7
144465.0,17.98,0,7
144451.0,36.0,0,7
144381.0,6.0,0,7
144345.0,1690.57,0,7
143934.0,170.37,0,7
143701.0,0.76,0,7
143611.0,135.0,0,7
143574.0,1797.95,0,7
143442.0,84.11,0,7
143333.0,33.1,0,7
143276.0,1.79,0,7
143270.0,12.8,0,7
143084.0,12.34,0,7
142874.0,1.98,0,7
142600.0,3.45,0,7
142523.0,25.67,0,7
142283.0,84.06,0,7
142252.0,107.0,0,7
142251.0,597.36,0,7
142114.0,1.69,0,7
142087.0,0.76,0,7
142033.0,48.03,0,7
141862.0,3.7,0,7
141758.0,153.6,0,7
141489.0,79.54,0,7
140836.0,30.6,0,7
140725.0,93.35,0,7
140449.0,90.0,0,7
140435.0,19.06,0,7
140434.0,26.0,0,7
140321.0,10.0,0,7
140185.0,1.0,0,7
140057.0,33.0,0,7
140000.0,8.9,0,7
139965.0,15.0,0,7
139951.0,723.21,1,7
139882.0,1.98,0,7
139880.0,100.0,0,7
139669.0,35.0,0,7
139590.0,12.99,0,7
139138.0,100.0,0,7
139114.0,0.01,0,7
139039.0,49.9,0,7
138959.0,13.98,0,7
138901.0,15.0,0,7
138795.0,11.98,0,7
138383.0,1.12,0,7
138373.0,26.35,0,7
138266.0,2.69,0,7
138127.0,1.0,0,7
138106.0,1.18,0,7
138065.0,35.8,0,7
137926.0,9.85,0,7
137916.0,28.86,0,7
137688.0,1.0,0,7
137641.0,140.34,0,7
137636.0,1.98,0,7
137500.0,7.95,0,7
137389.0,59.9,0,7
137158.0,50.0,0,7
137025.0,1.0,0,7
136834.0,5.99,0,7
136606.0,1.29,0,7
135857.0,638.0,0,7
135190.0,0.89,0,7
134924.0,2.49,0,7
134048.0,53.09,0,7
133968.0,43.0,0,7
133823.0,8.97,0,7
133752.0,105.9,0,7
133453.0,166.5,0,7
133445.0,10.0,0,7
133346.0,39.99,0,7
132822.0,9.99,0,7
132796.0,36.0,0,7
132389.0,280.64,0,7
132121.0,1.4,0,7
132089.0,118.58,0,7
132049.0,0.23,0,7
131981.0,220.45,0,7
131950.0,74.95,0,7
131673.0,263.87,0,7
131405.0,9.99,0,7
131174.0,460.39,0,7
131144.0,195.0,0,7
131100.0,46.76,0,7
131037.0,29.99,0,7
130994.0,10.0,0,7
130724.0,18.0,0,7
130489.0,19.0,0,7
130457.0,30.0,0,7
130452.0,2.69,0,7
130316.0,4.0,0,7
130164.0,19.85,0,7
130118.0,586.0,0,7
130039.0,149.53,0,7
129895.0,15.67,0,7
129528.0,113.85,0,7
129433.0,19.0,0,7
129200.0,57.5,0,7
129028.0,96.68,0,7
128850.0,15.0,0,7
128742.0,1.51,0,7
128508.0,216.18,0,7
128355.0,16.16,0,7
128329.0,1970.16,0,7
128269.0,9.85,0,7
128107.0,1.99,0,7
128022.0,6.98,0,7
127794.0,0.76,0,7
127781.0,239.0,0,7
127648.0,16.96,0,7
127594.0,102.98,0,7
127555.0,39.35,0,7
127367.0,45.0,0,7
127324.0,165.0,0,7
127244.0,11.5,0,7
127149.0,12.36,0,7
126978.0,274.0,0,7
126830.0,19.38,0,7
126509.0,29.99,0,7
126453.0,56.12,0,7
126265.0,84.85,0,7
125878.0,416.76,0,7
125854.0,715.0,0,7
125764.0,141.86,0,7
125580.0,140.08,0,7
125577.0,1.99,0,7
125576.0,1361.0,0,7
125575.0,63.34,0,7
125394.0,10.0,0,7
125294.0,10.59,0,7
125259.0,45.0,0,7
125215.0,3.85,0,7
125129.0,4.99,0,7
125097.0,15.0,0,7
124998.0,6.63,0,7
124956.0,56.74,0,7
124718.0,35.0,0,7
124610.0,75.85,0,7
124382.0,18.0,0,7
124358.0,129.8,0,7
124276.0,187.86,0,7
123866.0,170.26,0,7
123550.0,12.95,0,7
123010.0,8.66,0,7
122989.0,500.0,0,7
122864.0,36.0,0,7
122675.0,43.26,0,7
122603.0,15.28,0,7
122500.0,130.22,0,7
122226.0,89.0,0,7
122186.0,7.58,0,7
122086.0,112.5,0,7
122010.0,5.8,0,7
121850.0,111.0,0,7
121842.0,21.0,0,7
121814.0,35.16,0,7
121737.0,311.75,0,7
121730.0,64.46,0,7
121668.0,56.86,0,7
121369.0,14.95,0,7
121366.0,12.95,0,7
121359.0,7.95,0,7
121357.0,12.31,0,7
121316.0,173.7,0,7
121305.0,378.18,0,7
121291.0,31.0,0,7
121126.0,105.22,0,7
121109.0,2.35,0,7
121067.0,0.89,0,7
121006.0,1.0,0,7
120973.0,1.98,0,7
120966.0,32.39,0,7
120637.0,186.16,0,7
120578.0,43.98,0,7
120558.0,19.18,0,7
120547.0,1.98,0,7
120513.0,30.0,0,7
120496.0,69.99,0,7
120196.0,60.95,0,7
120148.0,0.76,0,7
119953.0,9.99,0,7
119757.0,35.45,0,7
119223.0,13.49,0,7
119146.0,29.0,0,7
119134.0,364.53,0,7
117762.0,1.98,0,7
116702.0,44.0,0,7
109840.0,41.5,0,7
109839.0,300.05,0,7
100860.0,59.99,0,7
97434.0,15.95,0,7
97422.0,15.95,0,7
97414.0,39.0,0,7
87209.0,6.76,0,7
84580.0,1.0,0,7
84497.0,5.49,0,7
84477.0,99.0,0,7
84381.0,75.31,0,7
84159.0,15.0,0,7
84094.0,52.98,0,7
83264.0,44.73,0,7
83188.0,9.99,0,7
83106.0,4.69,0,7
83075.0,13.35,0,7
83043.0,4.48,0,7
82942.0,14.0,0,7
82317.0,329.4,0,7
82171.0,56.47,0,7
82115.0,1.0,0,7
82088.0,2.58,0,7
81591.0,189.0,0,7
81125.0,17.0,0,7
80879.0,53.53,0,7
80837.0,0.77,0,7
80808.0,33.95,0,7
80626.0,9.12,0,7
80597.0,1.0,0,7
80542.0,29.05,0,7
80455.0,1032.0,0,7
80431.0,11.5,0,7
80303.0,2.0,0,7
80097.0,1.79,0,7
79928.0,203.93,0,7
79817.0,19.99,0,7
79803.0,55.35,0,7
79540.0,28.0,0,7
79520.0,1.0,0,7
79516.0,400.95,0,7
79515.0,1.0,0,7
79512.0,125.84,0,7
79511.0,1.0,0,7
79508.0,429.65,0,7
79495.0,1.0,0,7
79474.0,1.0,0,7
79465.0,142.76,0,7
79440.0,24.95,0,7
79436.0,3.99,0,7
79394.0,1.0,0,7
79393.0,15.0,0,7
79383.0,1.0,0,7
79360.0,1.0,0,7
79345.0,1.0,0,7
79335.0,1.98,0,7
79334.0,134.99,0,7
79331.0,1.0,0,7
79330.0,1.29,0,7
79329.0,6.44,0,7
79324.0,1.0,0,7
79319.0,0.89,0,7
79311.0,1.51,0,7
79278.0,54.99,0,7
79253.0,3.58,0,7
79088.0,19.26,0,7
78989.0,4.49,0,7
78983.0,33.43,0,7
78932.0,1.99,0,7
78883.0,79.43,0,7
78852.0,70.57,0,7
78771.0,8.99,0,7
78745.0,304.0,0,7
78704.0,2.99,0,7
78610.0,1.0,0,7
78523.0,3.87,0,7
78521.0,3.62,0,7
78494.0,2.49,0,7
78339.0,87.28,0,7
78264.0,64.4,0,7
78158.0,7.56,0,7
78139.0,1.0,0,7
78125.0,28.83,0,7
78118.0,2.0,0,7
78073.0,1.98,0,7
78042.0,1.0,0,7
78028.0,125.9,0,7
78025.0,23.32,0,7
78019.0,1.0,0,7
78002.0,34.2,0,7
78000.0,79.5,0,7
77959.0,1.2,0,7
77948.0,1.0,0,7
77943.0,572.4,0,7
77890.0,8.9,0,7
77737.0,125.44,0,7
77727.0,28.0,0,7
77717.0,71.9,0,7
77691.0,20.0,0,7
77686.0,0.77,0,7
77682.0,201.57,0,7
77613.0,150.0,0,7
77598.0,1.79,0,7
77534.0,6.99,0,7
77532.0,7.09,0,7
77472.0,24.99,0,7
77386.0,126.0,0,7
77276.0,12.99,0,7
77232.0,9.9,0,7
77189.0,7.12,0,7
77147.0,8.91,0,7
77108.0,78.8,0,7
77001.0,13.56,0,7
76976.0,0.89,0,7
76885.0,198.0,0,7
76849.0,33.0,0,7
76847.0,24.9,0,7
76781.0,1.0,0,7
76756.0,58.0,0,7
76755.0,60.0,0,7
76703.0,1.98,0,7
76599.0,6.99,0,7
76500.0,45.6,0,7
76462.0,8.91,0,7
76419.0,781.28,0,7
76239.0,190.0,0,7
76212.0,30.0,0,7
76209.0,0.12,0,7
76191.0,23.16,0,7
76105.0,33.6,0,7
76040.0,268.47,0,7
75992.0,11.5,0,7
75847.0,1.0,0,7
75760.0,10.99,0,7
75539.0,148.97,0,7
75522.0,214.8,0,7
75440.0,58.0,0,7
75438.0,102.0,0,7
75436.0,20.0,0,7
75420.0,2.0,0,7
75371.0,15.0,0,7
75365.0,19.9,0,7
75277.0,10.75,0,7
75246.0,13.38,0,7
75208.0,1.99,0,7
75178.0,42.6,0,7
74920.0,1.29,0,7
74878.0,9.51,0,7
74791.0,48.56,0,7
74555.0,6.05,0,7
74508.0,74.9,0,7
74446.0,11.98,0,7
74432.0,15.0,0,7
74398.0,247.0,0,7
74374.0,12.31,0,7
74225.0,59.59,0,7
74192.0,1.98,0,7
74155.0,66.8,0,7
74132.0,39.99,0,7
73883.0,259.0,0,7
73859.0,1.29,0,7
73835.0,7.5,0,7
73805.0,4.99,0,7
73768.0,10.0,0,7
73748.0,5.08,0,7
73622.0,0.12,0,7
73608.0,235.3,0,7
73559.0,30.0,0,7
73483.0,59.95,0,7
73442.0,50.0,0,7
73221.0,1.0,0,7
73201.0,8.99,0,7
73171.0,28.0,0,7
73054.0,35.69,0,7
73044.0,67.96,0,7
72827.0,455.92,0,7
72616.0,26.47,0,7
72564.0,12.59,0,7
72324.0,0.79,0,7
72245.0,25.38,0,7
71777.0,51.94,0,7
71676.0,265.16,0,7
71671.0,66.94,0,7
71621.0,5.68,0,7
71557.0,136.07,0,7
70870.0,320.0,0,7
70808.0,88.72,0,7
70389.0,44.7,0,7
69506.0,484.32,0,7
69396.0,135.4,0,7
69351.0,25.98,0,7
69312.0,168.98,0,7
69030.0,68.0,0,7
69005.0,40.0,0,7
68864.0,32.95,0,7
68796.0,11.5,0,7
68728.0,132.82,0,7
68478.0,21.98,0,7
68298.0,82.0,0,7
68207.0,5.0,0,7
68092.0,210.87,0,7
67966.0,9.99,0,7
67964.0,12.6,0,7
67952.0,18.04,0,7
67849.0,1.0,0,7
67736.0,30.59,0,7
67735.0,55.61,0,7
67721.0,201.95,0,7
67659.0,3.79,0,7
67609.0,120.0,0,7
67602.0,1.0,0,7
67588.0,111.21,0,7
67485.0,4.0,0,7
67478.0,2.3,0,7
67477.0,2.07,0,7
67370.0,80.62,0,7
67191.0,34.95,0,7
67050.0,50.0,0,7
66863.0,0.0,0,7
66848.0,1.79,0,7
66421.0,532.67,0,7
66317.0,15.0,0,7
66089.0,39.99,0,7
66045.0,7.57,0,7
65739.0,63.99,0,7
65594.0,21.69,0,7
65538.0,64.0,0,7
65223.0,7.4,0,7
65169.0,905.36,0,7
64936.0,11.78,0,7
64934.0,11.5,0,7
63979.0,60.0,0,7
63925.0,17.6,0,7
63855.0,43.86,0,7
63356.0,20.0,0,7
63331.0,484.38,0,7
63320.0,5.27,0,7
63023.0,0.99,0,7
62650.0,544.38,0,7
62600.0,0.5,0,7
62584.0,29.9,0,7
62428.0,1.29,0,7
62346.0,51.0,0,7
62315.0,423.92,0,7
62236.0,24.0,0,7
61778.0,23.39,0,7
61640.0,0.0,0,7
60988.0,1879.0,0,7
60765.0,178.0,0,7
60641.0,43.66,0,7
60326.0,91.01,0,7
60235.0,50.0,0,7
60133.0,1.98,0,7
59947.0,1.98,0,7
59895.0,136.66,0,7
59746.0,28.55,0,7
59617.0,43.84,0,7
59598.0,11.0,0,7
59494.0,0.99,0,7
59358.0,1.0,0,7
59320.0,10.76,0,7
59220.0,45.02,0,7
59008.0,1.0,0,7
58929.0,75.95,0,7
58902.0,24.99,0,7
58776.0,20.0,0,7
58645.0,8.97,0,7
58302.0,29.95,0,7
57869.0,84.29,0,7
57607.0,24.5,0,7
57207.0,1.0,0,7
57007.0,45.0,0,7
56812.0,65.85,0,7
56452.0,1.0,0,7
56290.0,196.43,0,7
56275.0,198.58,0,7
55937.0,69.32,0,7
55824.0,29.56,0,7
55786.0,29.12,0,7
55709.0,392.0,0,7
55496.0,15.65,0,7
55439.0,29.0,0,7
55191.0,4.49,0,7
54560.0,1.5,0,7
54370.0,35.04,0,7
54292.0,1.98,0,7
54273.0,232.06,0,7
54085.0,1.29,0,7
53981.0,73.22,0,7
53863.0,41.61,0,7
53680.0,40.0,0,7
53335.0,11.38,0,7
53255.0,20.86,0,7
53215.0,799.0,0,7
53054.0,9.86,0,7
52691.0,243.86,0,7
52534.0,3.07,0,7
51841.0,6.89,0,7
51720.0,43.5,0,7
51448.0,11.5,0,7
51268.0,6.05,0,7
51254.0,31.64,0,7
51125.0,51.07,0,7
51123.0,1.0,0,7
50570.0,0.0,0,7
50472.0,132.24,0,7
50418.0,149.9,0,7
50270.0,17.22,0,7
50207.0,57.4,0,7
49745.0,25.0,0,7
49561.0,0.0,0,7
49552.0,20.88,0,7
49317.0,17.0,0,7
49234.0,56.09,0,7
48817.0,70.3,0,7
48807.0,8.99,0,7
48780.0,4.98,0,7
48719.0,1.0,0,7
48528.0,7.92,0,7
48436.0,3.69,0,7
48352.0,89.38,0,7
48194.0,12.0,0,7
47967.0,10.64,0,7
47701.0,2.69,0,7
47351.0,8.98,0,7
47280.0,54.64,0,7
47277.0,9.99,0,7
47248.0,159.98,0,7
47051.0,9.99,0,7
47025.0,60.22,0,7
46837.0,2.5,0,7
46694.0,9.99,0,7
46529.0,7.0,0,7
46472.0,29.95,0,7
46387.0,9.9,0,7
45403.0,35.9,0,7
45278.0,25.0,0,7
45102.0,20.0,0,7
44781.0,40.0,0,7
44656.0,285.7,0,7
44498.0,338.73,0,7
44477.0,48.95,0,7
44419.0,120.34,0,7
44347.0,46.19,0,7
44124.0,145.01,0,7
44103.0,38.42,0,7
43921.0,7.3,0,7
43883.0,49.9,0,7
43835.0,11.5,0,7
43693.0,285.7,0,7
43405.0,125.9,0,7
43384.0,143.0,0,7
43297.0,1.0,0,7
43265.0,1.0,0,7
43221.0,36.19,0,7
43210.0,110.0,0,7
43191.0,1.0,0,7
42957.0,191.15,0,7
42772.0,4.99,0,7
42771.0,44.9,0,7
42629.0,11.5,0,7
42453.0,37.9,0,7
42281.0,2.43,0,7
41989.0,97.0,0,7
41947.0,35.95,0,7
41670.0,14.9,0,7
41579.0,9.99,0,7
41283.0,1.18,0,7
41024.0,0.02,0,7
40993.0,36.25,0,7
40894.0,7.57,0,7
40838.0,60.67,0,7
40754.0,73.85,0,7
40687.0,74.99,0,7
40682.0,25.0,0,7
40510.0,787.06,0,7
40207.0,5.37,0,7
40197.0,537.54,0,7
40044.0,46.31,0,7
39992.0,6.75,0,7
39800.0,14.9,0,7
39623.0,99.99,0,7
39429.0,608.14,0,7
39206.0,31.1,0,7
39176.0,502.0,0,7
38797.0,0.89,0,7
38783.0,41.0,0,7
38708.0,97.0,0,7
38568.0,1.0,0,7
38474.0,22.0,0,7
38436.0,1.0,0,7
38422.0,15.62,0,7
38413.0,12.0,0,7
38290.0,42.27,0,7
38224.0,45.0,0,7
37795.0,113.75,0,7
37758.0,382.0,0,7
37371.0,9.2,0,7
37107.0,276.15,0,7
37031.0,981.0,0,7
37029.0,57.2,0,7
36552.0,7.25,0,7
36542.0,8.81,0,7
36351.0,248.9,0,7
36348.0,9.42,0,7
36338.0,34.9,0,7
36243.0,111.97,0,7
36015.0,41.0,0,7
35899.0,147.45,0,7
35765.0,17.4,0,7
35373.0,7.61,0,7
34908.0,12.0,0,7
34882.0,153.0,0,7
34869.0,7.76,0,7
34487.0,63.23,0,7
34263.0,26.29,0,7
33964.0,27.0,0,7
33619.0,4.99,0,7
33572.0,10.62,0,7
33530.0,19.95,0,7
33528.0,0.89,0,7
33526.0,19.95,0,7
33516.0,168.59,0,7
33419.0,937.75,0,7
33309.0,37.53,0,7
33186.0,1.79,0,7
32849.0,30.98,0,7
32617.0,119.92,0,7
31804.0,267.96,0,7
30797.0,5.38,0,7
30426.0,13.67,0,7
28844.0,0.89,0,7
28804.0,24.99,0,7
27610.0,89.99,0,7
19895.0,5.0,0,7
19893.0,5.0,0,7
19892.0,10.0,0,7
3768.0,15.83,0,7
172605.0,12.0,0,6
170620.0,28.37,0,6
170581.0,1.0,0,6
169980.0,44.0,0,6
169969.0,89.15,0,6
169837.0,6.27,0,6
169547.0,0.89,0,6
169413.0,1.98,0,6
169225.0,26.89,0,6
169157.0,500.0,0,6
169082.0,1.79,0,6
168682.0,0.99,0,6
168530.0,7.7,0,6
168323.0,721.55,0,6
168252.0,10.99,0,6
168010.0,19.31,0,6
168004.0,17.55,0,6
167951.0,9.84,0,6
167820.0,14.64,0,6
167789.0,73.0,0,6
167648.0,1.98,0,6
167597.0,79.9,0,6
167515.0,4.95,0,6
167359.0,117.58,0,6
167342.0,77.31,0,6
166937.0,95.72,0,6
166798.0,0.89,0,6
166738.0,3.78,0,6
166712.0,9.54,0,6
166650.0,8.0,0,6
166537.0,13.23,0,6
166502.0,9.95,0,6
166497.0,103.92,0,6
166476.0,15.17,0,6
166450.0,0.77,0,6
166327.0,0.76,0,6
166254.0,3.8,0,6
166003.0,94.9,0,6
166001.0,78.17,0,6
165953.0,13.95,0,6
165884.0,46.85,0,6
165722.0,3.85,0,6
165678.0,190.87,0,6
165638.0,1.0,0,6
165637.0,1.0,0,6
165625.0,69.0,0,6
165618.0,7.49,0,6
165587.0,1.0,0,6
165586.0,7.69,0,6
165409.0,50.0,0,6
165317.0,25.0,0,6
165265.0,121.24,0,6
164956.0,835.0,0,6
164637.0,74.0,0,6
164605.0,777.28,0,6
164578.0,30.91,0,6
164465.0,1.0,0,6
164393.0,1.98,0,6
164072.0,68.23,0,6
163944.0,6.47,0,6
163916.0,40.0,0,6
163911.0,2.58,0,6
163909.0,1.98,0,6
163871.0,11.5,0,6
163839.0,18.46,0,6
163808.0,1.79,0,6
163744.0,0.89,0,6
163708.0,225.04,0,6
163705.0,1.0,0,6
163678.0,30.0,0,6
163676.0,1.0,0,6
163673.0,1.0,0,6
163666.0,10.57,0,6
163665.0,199.84,0,6
163664.0,1.0,0,6
163660.0,1.0,0,6
163647.0,1.0,0,6
163645.0,22.92,0,6
163641.0,1.0,0,6
163637.0,1.0,0,6
163477.0,22.5,0,6
163466.0,1.98,0,6
163459.0,24.99,0,6
163414.0,33.0,0,6
163266.0,0.76,0,6
163216.0,0.89,0,6
163105.0,313.5,0,6
163057.0,101.0,0,6
162977.0,11.99,0,6
162870.0,40.85,0,6
162854.0,14.99,0,6
162795.0,1.0,0,6
162766.0,298.0,0,6
162725.0,35.9,0,6
162669.0,248.8,0,6
162603.0,8.94,0,6
162575.0,93.59,0,6
162525.0,1.98,0,6
162523.0,24.58,0,6
162461.0,0.89,0,6
162374.0,11.49,0,6
162373.0,19.95,0,6
162296.0,20.0,0,6
162243.0,56.65,0,6
162240.0,1.5,0,6
162211.0,22.61,0,6
162181.0,24.9,0,6
162067.0,49.96,0,6
161926.0,24.2,0,6
161914.0,13.99,0,6
161896.0,15.17,0,6
161860.0,26.51,0,6
161774.0,39.95,0,6
161755.0,36.47,0,6
161744.0,10.0,0,6
161665.0,0.89,0,6
161657.0,4.56,0,6
161651.0,0.89,0,6
161594.0,5.16,0,6
161593.0,135.48,0,6
161520.0,11.99,0,6
161419.0,165.85,0,6
161327.0,53.3,0,6
161236.0,18.99,0,6
161110.0,18.91,0,6
161096.0,15.45,0,6
161081.0,23.0,0,6
161033.0,0.92,0,6
161003.0,1.0,0,6
160995.0,5.0,0,6
160955.0,38.63,0,6
160930.0,36.4,0,6
160866.0,223.2,0,6
160848.0,25.79,0,6
160776.0,98.79,0,6
160738.0,64.0,0,6
160735.0,175.5,0,6
160639.0,121.38,0,6
160634.0,1032.8,0,6
160579.0,1.98,0,6
160568.0,5.49,0,6
160519.0,21.3,0,6
160510.0,29.34,0,6
160461.0,11.5,0,6
160389.0,15.07,0,6
160367.0,9.99,0,6
160287.0,51.36,0,6
160271.0,63.0,0,6
160261.0,3.99,0,6
160235.0,1.98,0,6
160137.0,139.59,0,6
160134.0,1.0,0,6
159966.0,20.0,0,6
159917.0,1.98,0,6
159748.0,46.82,0,6
159727.0,1.98,0,6
159705.0,41.42,0,6
159631.0,9.99,0,6
159478.0,85.82,0,6
159469.0,12.32,0,6
159412.0,152.0,0,6
159381.0,7.14,0,6
159341.0,1.98,0,6
159287.0,0.8,0,6
159232.0,3.59,0,6
159066.0,45.77,0,6
159026.0,7.17,0,6
158856.0,0.1,0,6
158787.0,17.82,0,6
158755.0,25.0,0,6
158751.0,2.63,0,6
158590.0,4.62,0,6
158547.0,150.0,0,6
158539.0,244.5,0,6
158498.0,8.5,0,6
158470.0,0.22,0,6
158250.0,61.4,0,6
158204.0,76.46,0,6
158045.0,9.81,0,6
158004.0,1.29,0,6
157900.0,2.67,0,6
157748.0,1.0,0,6
157696.0,0.89,0,6
157633.0,1.98,0,6
157604.0,151.41,0,6
157571.0,103.99,0,6
157549.0,6.99,0,6
157548.0,45.1,0,6
157456.0,14.99,0,6
157406.0,902.71,0,6
157349.0,3.85,0,6
157307.0,43.0,0,6
157297.0,1.46,0,6
157208.0,1.0,0,6
157140.0,44.3,0,6
157116.0,37.5,0,6
157066.0,1.79,0,6
156997.0,4.98,0,6
156966.0,10.31,0,6
156946.0,10.0,0,6
156927.0,5.0,0,6
156922.0,0.0,0,6
156483.0,0.76,0,6
156471.0,10.0,0,6
156360.0,0.89,0,6
156236.0,5.0,0,6
156228.0,22.3,0,6
156177.0,1206.71,0,6
156102.0,14.97,0,6
156093.0,0.76,0,6
156091.0,69.99,0,6
156067.0,17.42,0,6
156050.0,24.99,0,6
155965.0,0.77,1,6
155930.0,0.89,0,6
155870.0,24.99,0,6
155839.0,9.0,0,6
155823.0,10.0,0,6
155769.0,40.6,0,6
155752.0,4.6,0,6
155633.0,1.98,0,6
155474.0,9.47,0,6
155310.0,13.98,0,6
155296.0,16.3,0,6
155290.0,430.6,0,6
155055.0,2.49,0,6
155049.0,11.35,0,6
155003.0,9.9,0,6
154999.0,24.99,0,6
154980.0,21.73,0,6
154977.0,8.99,0,6
154963.0,49.99,0,6
154910.0,12.99,0,6
154791.0,144.0,0,6
154778.0,20.98,0,6
154679.0,113.0,0,6
154608.0,1.0,0,6
154596.0,43.48,0,6
154524.0,2.28,0,6
154186.0,23.79,0,6
154152.0,54.45,0,6
154109.0,235.61,0,6
154062.0,17.99,0,6
154009.0,0.0,0,6
153929.0,1.0,0,6
153868.0,38.3,0,6
153841.0,1.98,0,6
153789.0,10.3,0,6
153788.0,2231.5,0,6
153787.0,1.0,0,6
153784.0,1.0,0,6
153740.0,3.0,0,6
153730.0,1.0,0,6
153713.0,3.6,0,6
153712.0,320.61,0,6
153699.0,81.43,0,6
153677.0,5.17,0,6
153669.0,2.26,0,6
153663.0,1.0,0,6
153656.0,377.01,0,6
153648.0,42.81,0,6
153555.0,1.0,0,6
153539.0,9.32,0,6
153534.0,9.32,0,6
153531.0,18.9,0,6
153509.0,74.45,0,6
153479.0,76.63,0,6
153448.0,10.0,0,6
153432.0,99.0,0,6
153427.0,4.55,0,6
153396.0,9.75,0,6
153340.0,43.7,0,6
153250.0,1.0,0,6
153228.0,39.77,0,6
153216.0,384.78,0,6
153204.0,199.0,0,6
153191.0,27.83,0,6
153132.0,154.98,0,6
153045.0,37.78,0,6
153022.0,632.59,0,6
152998.0,78.31,0,6
152960.0,2.78,0,6
152938.0,4.99,0,6
152932.0,10.59,0,6
152829.0,44.0,0,6
152763.0,1.79,0,6
152760.0,4.99,0,6
152669.0,18.17,0,6
152652.0,315.23,0,6
152609.0,27.72,0,6
152601.0,0.23,0,6
152593.0,1.98,0,6
152576.0,9.88,0,6
152554.0,1.0,0,6
152544.0,13.4,0,6
152422.0,114.0,0,6
152411.0,133.26,0,6
152407.0,28.0,0,6
152279.0,3.9,0,6
152190.0,16.9,0,6
152070.0,10.62,0,6
152060.0,496.41,0,6
152053.0,15.0,0,6
151998.0,22.0,0,6
151952.0,96.47,0,6
151915.0,3.02,0,6
151903.0,15.0,0,6
151901.0,2.0,0,6
151842.0,49.98,0,6
151577.0,1.0,0,6
151491.0,48.0,0,6
151455.0,76.48,0,6
151438.0,25.0,0,6
151420.0,5.99,0,6
151284.0,0.89,0,6
151236.0,43.63,0,6
151225.0,1.98,0,6
151128.0,10.98,0,6
151104.0,135.71,0,6
151086.0,40.99,0,6
151073.0,43.14,0,6
151020.0,92.0,0,6
151009.0,27.83,0,6
150821.0,547.41,0,6
150818.0,1.98,0,6
150750.0,359.22,0,6
150724.0,1.29,0,6
150708.0,252.68,0,6
150706.0,5.24,0,6
150633.0,86.68,0,6
150600.0,15.0,0,6
150593.0,10.0,0,6
150578.0,299.0,0,6
150440.0,1.0,0,6
150437.0,17.05,0,6
150433.0,21.28,0,6
150423.0,9.99,0,6
150374.0,15.13,0,6
150232.0,88.01,0,6
150224.0,53.02,0,6
150215.0,1.98,0,6
150193.0,0.99,0,6
149955.0,1.98,0,6
149948.0,0.89,0,6
149876.0,15.13,0,6
149749.0,71.8,0,6
149455.0,10.0,0,6
149441.0,39.55,0,6
149422.0,149.0,0,6
149380.0,119.0,0,6
149343.0,8.99,0,6
149246.0,0.99,0,6
149181.0,320.0,0,6
149178.0,1.0,0,6
149155.0,17.99,0,6
149128.0,1.79,0,6
149119.0,11.5,0,6
149055.0,45.89,0,6
149041.0,40.0,0,6
149029.0,1.98,0,6
148927.0,75.0,0,6
148926.0,1.18,0,6
148925.0,33.6,0,6
148868.0,0.79,0,6
148830.0,312.24,0,6
148771.0,100.0,0,6
148740.0,10.59,0,6
148689.0,102.0,0,6
148662.0,112.0,0,6
148655.0,49.99,0,6
148577.0,44.2,0,6
148550.0,10.62,0,6
148438.0,19.77,0,6
148363.0,52.06,0,6
148335.0,179.5,0,6
148186.0,31.2,0,6
148174.0,183.06,0,6
148066.0,0.89,0,6
148048.0,0.0,0,6
147964.0,86.5,0,6
147949.0,800.0,0,6
147918.0,424.3,0,6
147905.0,56.0,0,6
147791.0,143.89,0,6
147769.0,1.29,0,6
147755.0,6.58,0,6
147750.0,9.99,0,6
147734.0,7.31,0,6
147652.0,29.99,0,6
147625.0,1.0,0,6
147622.0,5.4,0,6
147618.0,261.08,0,6
147596.0,18.0,0,6
147590.0,310.83,0,6
147578.0,1.0,0,6
147557.0,7.39,0,6
147534.0,47.58,0,6
147510.0,1522.0,0,6
147479.0,9.45,0,6
147431.0,100.0,0,6
147398.0,1.0,0,6
147287.0,26.44,0,6
147271.0,47.95,0,6
147230.0,5.38,0,6
147138.0,109.81,0,6
147096.0,41.25,0,6
147072.0,4.0,0,6
147058.0,6.0,0,6
147054.0,30.31,0,6
147016.0,197.38,0,6
147004.0,100.0,0,6
146995.0,48.9,0,6
146957.0,73.82,0,6
146904.0,68.91,0,6
146737.0,19.0,0,6
146663.0,8.9,0,6
146619.0,11.5,0,6
146609.0,14.68,0,6
146589.0,1.0,0,6
146524.0,3.54,0,6
146506.0,27.66,0,6
146472.0,84.86,0,6
146450.0,44.9,0,6
146344.0,442.75,0,6
146326.0,623.5,0,6
146303.0,3.7,0,6
146271.0,4.95,0,6
146182.0,1.29,0,6
146168.0,674.75,0,6
146114.0,2.58,0,6
146083.0,7.62,0,6
146067.0,159.0,0,6
146020.0,27.12,0,6
145850.0,3.54,0,6
145848.0,2.0,0,6
145830.0,32.0,0,6
145826.0,7.43,0,6
145749.0,15.88,0,6
145712.0,8.94,0,6
145644.0,1.0,0,6
145576.0,1.0,0,6
145479.0,1.79,0,6
145474.0,11.5,0,6
145471.0,1.99,0,6
145358.0,44.99,0,6
145335.0,10.4,0,6
145276.0,74.95,0,6
145236.0,144.84,0,6
145232.0,10.59,0,6
145145.0,4.49,0,6
145139.0,138.0,0,6
145134.0,24.99,0,6
145088.0,56.0,0,6
145056.0,15.13,0,6
144991.0,9.21,0,6
144788.0,115.0,0,6
144724.0,2.0,0,6
144622.0,327.6,0,6
144536.0,13.9,0,6
144501.0,315.87,0,6
144486.0,5.0,0,6
144470.0,18.99,0,6
144462.0,8.52,0,6
144449.0,599.22,0,6
144436.0,1.29,0,6
144416.0,9.99,0,6
144263.0,12.99,0,6
144206.0,138.24,0,6
144131.0,55.94,0,6
144130.0,19.99,0,6
144115.0,4.45,0,6
144084.0,154.15,0,6
144050.0,29.95,0,6
144035.0,11.5,0,6
144026.0,20.95,0,6
144023.0,1679.49,0,6
143960.0,24.73,0,6
143893.0,275.0,0,6
143885.0,4.49,0,6
143765.0,1.0,0,6
143758.0,2.26,0,6
143727.0,9.2,0,6
143634.0,225.91,0,6
143629.0,35.99,0,6
143624.0,10.29,0,6
143536.0,1.0,0,6
143502.0,14.2,0,6
143475.0,21.8,0,6
143462.0,19.95,0,6
143456.0,1.96,0,6
143423.0,28.0,0,6
143420.0,77.13,0,6
143368.0,1.79,0,6
143360.0,179.0,0,6
143355.0,2.36,0,6
143328.0,3.59,0,6
143292.0,34.0,0,6
143145.0,67.63,0,6
143144.0,14.39,0,6
143131.0,8.99,0,6
143014.0,29.95,0,6
142970.0,12.99,0,6
142963.0,101.42,0,6
142919.0,32.62,0,6
142869.0,22.48,0,6
142834.0,1219.96,0,6
142746.0,208.14,0,6
142741.0,7.0,0,6
142729.0,119.99,0,6
142675.0,21.95,0,6
142592.0,1.46,0,6
142509.0,8.78,0,6
142465.0,1.98,0,6
142449.0,311.94,0,6
142448.0,1.0,0,6
142429.0,0.76,0,6
142317.0,1.0,0,6
142299.0,39.95,0,6
142297.0,64.9,0,6
142275.0,12.31,0,6
142268.0,24.99,0,6
142230.0,25.9,0,6
142219.0,4.78,0,6
142205.0,17.4,0,6
142199.0,25.81,0,6
141967.0,928.0,0,6
141856.0,188.5,0,6
141800.0,65.0,0,6
141792.0,71.11,0,6
141766.0,115.0,0,6
141749.0,371.04,0,6
141715.0,18.86,0,6
141650.0,24.59,0,6
141635.0,0.99,0,6
141597.0,39.33,0,6
141542.0,0.78,0,6
141453.0,5.99,0,6
141433.0,5.51,0,6
141412.0,357.0,0,6
141364.0,75.66,0,6
141356.0,20.99,0,6
141335.0,10.0,0,6
141325.0,172.59,0,6
141284.0,4.58,0,6
141258.0,2.68,0,6
141158.0,11.47,0,6
141133.0,12.99,0,6
141036.0,59.99,0,6
141027.0,109.41,0,6
140997.0,11.15,0,6
140887.0,71.38,0,6
140883.0,25.83,0,6
140868.0,698.13,0,6
140858.0,532.67,0,6
140847.0,55.06,0,6
140795.0,10.0,0,6
140789.0,189.6,0,6
140737.0,132.56,0,6
140686.0,2.0,0,6
140641.0,781.72,0,6
140615.0,69.61,0,6
140606.0,98.06,0,6
140576.0,553.5,0,6
140537.0,32.0,0,6
140486.0,472.83,0,6
140390.0,149.38,0,6
140360.0,3.99,0,6
140359.0,3.17,0,6
140354.0,71.95,0,6
140312.0,1.0,0,6
140296.0,40.0,0,6
140274.0,39.42,0,6
140237.0,3.94,0,6
140228.0,1.46,0,6
140226.0,229.58,0,6
140186.0,2.0,0,6
140017.0,49.95,0,6
139991.0,0.0,0,6
139978.0,307.55,0,6
139962.0,7.74,0,6
139870.0,15.0,0,6
139846.0,0.89,0,6
139803.0,148.6,0,6
139786.0,24.99,0,6
139743.0,32.51,0,6
139718.0,10.49,0,6
139706.0,12.48,0,6
139642.0,12.31,0,6
139579.0,6.8,0,6
139466.0,9.99,0,6
139454.0,9.99,0,6
139426.0,89.85,0,6
139385.0,20.16,0,6
139366.0,34.0,0,6
139333.0,2.25,0,6
139284.0,68.0,0,6
139164.0,17.42,0,6
139068.0,70.0,0,6
139048.0,75.41,0,6
139024.0,27.17,0,6
138960.0,203.35,0,6
138889.0,1.98,0,6
138835.0,2.36,0,6
138811.0,361.08,0,6
138762.0,2.68,0,6
138759.0,32.4,0,6
138631.0,19.99,0,6
138575.0,1.0,0,6
138515.0,19.29,0,6
138489.0,156.38,0,6
138470.0,36.96,0,6
138456.0,94.56,0,6
138421.0,15.0,0,6
138412.0,127.69,0,6
138409.0,15.0,0,6
138346.0,22.5,0,6
138275.0,121.48,0,6
138267.0,18.98,0,6
138213.0,26.8,0,6
138038.0,1.98,0,6
137896.0,35.54,0,6
137870.0,569.33,0,6
137860.0,94.0,0,6
137811.0,0.76,0,6
137800.0,286.0,0,6
137791.0,0.0,0,6
137653.0,0.89,0,6
137646.0,101.07,0,6
137633.0,10.0,0,6
137613.0,3.9,0,6
137606.0,7.03,0,6
137573.0,26.47,0,6
137566.0,59.9,0,6
137563.0,19.5,0,6
137535.0,28.0,0,6
137445.0,602.69,0,6
137353.0,0.22,0,6
137327.0,6.03,0,6
137132.0,15.12,0,6
137110.0,254.16,0,6
137051.0,59.29,0,6
136995.0,32.67,0,6
136949.0,1862.97,0,6
136896.0,1.0,0,6
136871.0,29.95,0,6
136803.0,30.0,0,6
136781.0,58.44,0,6
136726.0,29.04,0,6
136712.0,41.06,0,6
136663.0,234.0,0,6
136561.0,18.95,0,6
136527.0,14.99,0,6
136515.0,273.5,0,6
136503.0,1.54,0,6
136488.0,2.69,0,6
136460.0,25.99,0,6
136374.0,16.82,0,6
136357.0,19.95,0,6
136324.0,60.35,0,6
136310.0,95.33,0,6
136232.0,37.5,0,6
136218.0,1.0,0,6
136199.0,195.0,0,6
136176.0,5.99,0,6
136172.0,44.01,0,6
136137.0,13.87,0,6
136124.0,4.72,0,6
136093.0,22.5,0,6
136021.0,55.74,0,6
136020.0,150.0,0,6
135918.0,509.92,0,6
135908.0,5.15,0,6
135851.0,9.99,0,6
135834.0,582.85,0,6
135824.0,15.13,0,6
135683.0,120.4,0,6
135645.0,10.0,0,6
135633.0,228.54,0,6
135631.0,34.49,0,6
135627.0,124.24,0,6
135624.0,1610.6,0,6
135587.0,9.51,0,6
135552.0,159.44,0,6
135510.0,700.0,0,6
135484.0,8.99,0,6
135469.0,1.0,0,6
135255.0,29.0,0,6
135199.0,6.95,0,6
135070.0,4.88,0,6
135065.0,58.0,0,6
135051.0,84.0,0,6
135010.0,55.14,0,6
134980.0,37.0,0,6
134927.0,39.36,0,6
134875.0,79.0,0,6
134845.0,56.0,0,6
134622.0,50.0,0,6
134619.0,40.0,0,6
134602.0,100.21,0,6
134593.0,59.9,0,6
134531.0,70.0,0,6
134508.0,1.0,0,6
134477.0,109.78,0,6
134435.0,319.59,0,6
134424.0,28.0,0,6
134226.0,39.5,0,6
134166.0,37.14,0,6
134124.0,6.99,0,6
134117.0,82.0,0,6
134056.0,24.73,0,6
134050.0,5.0,0,6
134032.0,22.5,0,6
133970.0,79.45,0,6
133887.0,240.0,0,6
133836.0,0.77,0,6
133798.0,139.0,0,6
133770.0,3.99,0,6
133739.0,53.58,0,6
133731.0,0.0,1,6
133640.0,27.0,0,6
133558.0,865.67,0,6
133509.0,14.0,0,6
133478.0,123.8,0,6
133477.0,1.98,0,6
133432.0,103.35,0,6
133332.0,169.94,0,6
133298.0,15.46,0,6
133240.0,22.4,0,6
133205.0,50.66,0,6
133076.0,406.0,0,6
132692.0,0.89,0,6
132679.0,17.99,0,6
132631.0,10.0,0,6
132613.0,129.0,0,6
132606.0,326.42,0,6
132514.0,67.0,0,6
132503.0,4.51,0,6
132466.0,16.98,0,6
132411.0,18.0,0,6
132294.0,104.35,0,6
132229.0,33.6,0,6
132165.0,9.99,0,6
132163.0,12.9,0,6
132134.0,25.0,0,6
132022.0,162.0,0,6
132009.0,190.0,0,6
131999.0,12.2,0,6
131927.0,4.99,0,6
131922.0,45.58,0,6
131551.0,17.99,0,6
131539.0,357.51,0,6
131503.0,160.06,0,6
131429.0,4.49,0,6
131377.0,1.0,0,6
131367.0,287.43,0,6
131273.0,30.0,0,6
131214.0,118.0,0,6
131208.0,9.99,0,6
131173.0,4.99,0,6
131134.0,129.47,0,6
131090.0,0.92,0,6
131011.0,41.39,0,6
130885.0,11.52,0,6
130874.0,29.9,0,6
130859.0,3.04,0,6
130831.0,0.89,0,6
130575.0,4.13,0,6
130474.0,21.71,0,6
130460.0,4.49,0,6
130435.0,1.46,0,6
130425.0,9.99,0,6
130281.0,24.95,0,6
130278.0,134.2,0,6
130175.0,5.5,0,6
130038.0,3.79,0,6
130015.0,29.3,0,6
129990.0,46.99,0,6
129930.0,14.98,0,6
129897.0,94.25,0,6
129831.0,496.15,0,6
129638.0,2.27,0,6
129632.0,9.99,0,6
129594.0,4.55,0,6
129551.0,20.18,0,6
129508.0,15.0,0,6
129411.0,1.0,0,6
129339.0,77.28,0,6
129334.0,83.83,0,6
129325.0,33.35,0,6
129270.0,9.99,0,6
129258.0,1.18,0,6
129208.0,128.55,0,6
129171.0,10.49,0,6
129152.0,5.39,0,6
129099.0,0.62,0,6
129072.0,0.77,0,6
129066.0,43.2,0,6
129013.0,1.99,0,6
128991.0,9.99,0,6
128989.0,138.0,0,6
128952.0,57.31,0,6
128883.0,0.0,0,6
128882.0,1.0,0,6
128875.0,12.89,0,6
128863.0,9.37,0,6
128802.0,199.0,0,6
128773.0,62.72,0,6
128682.0,34.9,0,6
128663.0,74.95,0,6
128593.0,2.92,0,6
128591.0,45.0,0,6
128497.0,735.0,0,6
128479.0,59.95,0,6
128386.0,2.39,0,6
128357.0,62.35,0,6
128324.0,73.0,0,6
128261.0,29.55,0,6
128254.0,6.34,0,6
128237.0,584.57,0,6
128215.0,214.0,0,6
127984.0,1.98,0,6
127981.0,494.44,0,6
127979.0,1.79,0,6
127948.0,159.66,0,6
127899.0,22.0,0,6
127810.0,8.96,0,6
127788.0,122.04,0,6
127768.0,23.99,0,6
127729.0,35.97,0,6
127667.0,7.57,0,6
127666.0,121.95,0,6
127644.0,68.9,0,6
127588.0,4.99,0,6
127459.0,36.0,0,6
127455.0,90.0,0,6
127343.0,23.14,0,6
127328.0,25.0,0,6
127243.0,20.0,0,6
127222.0,1.0,0,6
127154.0,295.0,0,6
127047.0,67.76,0,6
127028.0,161.5,0,6
126957.0,266.48,0,6
126879.0,11.09,0,6
126846.0,407.33,0,6
126810.0,35.39,0,6
126730.0,33.13,0,6
126715.0,2.69,0,6
126713.0,7.0,0,6
126685.0,29.0,0,6
126626.0,0.0,0,6
126421.0,1.0,0,6
126315.0,18.95,0,6
126309.0,1.79,0,6
126252.0,8.94,0,6
126080.0,129.5,0,6
126050.0,532.0,0,6
126039.0,20.16,0,6
126037.0,30.0,0,6
126030.0,3.49,0,6
125966.0,18.0,0,6
125872.0,196.94,0,6
125819.0,51.47,0,6
125734.0,150.0,0,6
125732.0,9.49,0,6
125707.0,5.99,0,6
125685.0,197.0,0,6
125656.0,182.55,0,6
125570.0,1.0,0,6
125566.0,15.0,0,6
125469.0,100.0,0,6
125339.0,514.66,0,6
125326.0,254.78,0,6
125314.0,1.98,0,6
125258.0,99.0,0,6
125242.0,116.55,0,6
125146.0,168.4,0,6
125137.0,561.76,0,6
125132.0,7.78,0,6
125042.0,519.85,0,6
124975.0,19.0,0,6
124777.0,0.94,0,6
124774.0,420.0,0,6
124737.0,305.58,0,6
124730.0,3460.56,0,6
124726.0,39.6,0,6
124696.0,14.0,0,6
124580.0,10.0,0,6
124565.0,23.95,0,6
124534.0,3.08,0,6
124431.0,50.99,0,6
124379.0,39.95,0,6
124280.0,15.17,0,6
124272.0,1.98,0,6
124236.0,6.99,0,6
124232.0,40.0,0,6
124166.0,144.9,0,6
124153.0,1.98,0,6
124101.0,10.62,0,6
124040.0,0.75,0,6
123984.0,158.0,0,6
123976.0,13.53,0,6
123950.0,50.0,0,6
123899.0,199.0,0,6
123896.0,95.86,0,6
123876.0,3.49,0,6
123867.0,41.13,0,6
123782.0,198.95,0,6
123701.0,6.29,0,6
123663.0,662.66,0,6
123662.0,46.91,0,6
123622.0,63.0,0,6
123607.0,51.6,0,6
123593.0,2.33,0,6
123588.0,0.0,0,6
123568.0,22.4,0,6
123561.0,20.0,0,6
123500.0,18.9,0,6
123458.0,152.65,0,6
123437.0,26.48,0,6
123417.0,27.83,0,6
123415.0,113.85,0,6
123412.0,14.94,0,6
123409.0,199.0,0,6
123338.0,6.99,0,6
123175.0,3.0,0,6
123161.0,19.95,0,6
123153.0,0.0,0,6
123115.0,34.99,0,6
123093.0,0.89,0,6
123058.0,343.46,0,6
123037.0,90.0,0,6
123012.0,1.98,0,6
122977.0,15.0,0,6
122961.0,502.0,0,6
122930.0,100.0,0,6
122884.0,247.33,0,6
122849.0,44.96,0,6
122836.0,15.0,0,6
122790.0,0.76,0,6
122738.0,118.9,0,6
122727.0,78.34,0,6
122710.0,1.79,0,6
122614.0,0.0,0,6
122563.0,10.59,0,6
122425.0,0.76,0,6
122394.0,81.9,0,6
122199.0,177.44,0,6
122150.0,39.0,0,6
121989.0,10.0,0,6
121931.0,78.0,0,6
121712.0,5.49,0,6
121706.0,55.8,0,6
121670.0,520.2,0,6
121650.0,1.0,0,6
121611.0,103.0,0,6
121562.0,176.0,0,6
121530.0,75.46,0,6
121516.0,69.0,0,6
121466.0,77.39,0,6
121465.0,144.0,0,6
121443.0,74.0,0,6
121441.0,5.0,0,6
121384.0,19.95,0,6
121368.0,4.95,0,6
121351.0,9.95,0,6
121348.0,9.95,0,6
121331.0,12.0,0,6
121298.0,0.76,0,6
121289.0,125.0,0,6
121242.0,65.0,0,6
121234.0,2.0,0,6
121192.0,35.0,0,6
121165.0,39.95,0,6
121115.0,25.0,0,6
121046.0,1.79,0,6
121035.0,2.69,0,6
120995.0,42.95,0,6
120987.0,19.9,0,6
120924.0,31.0,0,6
120920.0,3.87,0,6
120707.0,9.89,0,6
120666.0,652.9,0,6
120555.0,50.0,0,6
120542.0,73.55,0,6
120421.0,7.24,0,6
120396.0,45.9,0,6
120328.0,9.98,0,6
120313.0,32.89,0,6
120258.0,139.0,0,6
120206.0,15.0,0,6
120191.0,165.0,0,6
120114.0,43.05,0,6
119994.0,3.66,0,6
119968.0,345.0,0,6
119938.0,4.99,0,6
119837.0,0.01,0,6
119808.0,6.97,0,6
119581.0,129.0,0,6
119326.0,0.3,0,6
119325.0,76.41,0,6
119269.0,49.9,0,6
119231.0,708.32,0,6
119162.0,11.0,0,6
119151.0,0.99,0,6
119121.0,490.95,0,6
119098.0,239.55,0,6
119077.0,56.0,0,6
119067.0,197.53,0,6
118858.0,4.49,0,6
118845.0,221.99,0,6
118795.0,0.99,0,6
118624.0,6.0,0,6
118447.0,6.26,0,6
118404.0,114.0,0,6
118325.0,3.59,0,6
118084.0,120.4,0,6
117591.0,212.0,0,6
117481.0,113.0,0,6
117016.0,15.0,0,6
116452.0,96.96,0,6
116337.0,207.0,0,6
116252.0,45.71,0,6
116172.0,1021.31,0,6
116169.0,57.51,0,6
116168.0,1141.35,0,6
115487.0,43.4,0,6
115237.0,9.99,0,6
115206.0,0.99,0,6
113737.0,1.0,0,6
113734.0,69.8,0,6
113662.0,217.65,0,6
113414.0,29.99,0,6
113166.0,99.99,0,6
113123.0,7.99,0,6
112486.0,4.49,0,6
111101.0,1.0,0,6
100912.0,39.0,0,6
100887.0,15.95,0,6
100850.0,14.95,0,6
100838.0,15.95,0,6
97471.0,15.95,0,6
97466.0,15.95,0,6
97462.0,15.95,0,6
97446.0,14.95,0,6
97439.0,15.95,0,6
97438.0,14.95,0,6
97435.0,15.95,0,6
97426.0,15.95,0,6
97424.0,15.95,0,6
97413.0,14.95,0,6
97411.0,15.95,0,6
97364.0,5.95,0,6
94084.0,21.99,0,6
87802.0,16.87,0,6
86670.0,131.59,0,6
86444.0,8.92,0,6
85986.0,10.0,0,6
85470.0,0.76,0,6
85319.0,22.99,0,6
84632.0,149.0,0,6
84621.0,1.0,0,6
84618.0,1.0,0,6
84598.0,1.0,0,6
84586.0,208.38,0,6
84575.0,13.99,0,6
84552.0,1.0,0,6
84550.0,0.89,0,6
84538.0,10.99,0,6
84527.0,26.87,0,6
84524.0,0.89,0,6
84512.0,16.88,0,6
84498.0,22.9,0,6
84486.0,1.0,0,6
84470.0,1.0,0,6
83973.0,0.99,0,6
83897.0,5.38,0,6
83822.0,3.99,0,6
83708.0,48.95,0,6
83513.0,2.49,0,6
83483.0,9.08,0,6
83408.0,10.0,0,6
83364.0,20.0,0,6
83297.0,1.0,0,6
83179.0,1.29,0,6
83065.0,53.7,0,6
82660.0,60.0,0,6
82577.0,59.9,0,6
82572.0,0.99,0,6
82493.0,80.0,0,6
82292.0,109.0,0,6
82282.0,12.64,0,6
82246.0,18.0,0,6
82216.0,57.12,0,6
82181.0,8.99,0,6
82149.0,75.6,0,6
82136.0,31.85,0,6
82048.0,39.75,0,6
82013.0,304.26,0,6
81925.0,1.0,0,6
81778.0,17.99,0,6
81705.0,3.7,0,6
81509.0,7.11,0,6
81497.0,19.02,0,6
81400.0,62.91,0,6
81398.0,0.45,0,6
81208.0,28.46,0,6
81197.0,0.89,0,6
81169.0,99.98,0,6
81141.0,98.0,0,6
81127.0,16.49,0,6
81119.0,89.95,0,6
81101.0,10.0,0,6
81079.0,300.0,0,6
81072.0,73.1,0,6
81063.0,29.9,0,6
81047.0,2.97,0,6
80896.0,101.0,0,6
80873.0,3.26,0,6
80844.0,59.0,0,6
80821.0,393.5,0,6
80541.0,5.0,0,6
80539.0,1.29,0,6
80531.0,21.4,0,6
80513.0,90.15,0,6
80491.0,68.45,0,6
80485.0,50.5,0,6
80415.0,10.69,0,6
80401.0,1.98,0,6
80286.0,11.0,0,6
80283.0,1.79,0,6
80270.0,0.89,0,6
80216.0,22.1,0,6
80098.0,1.98,0,6
80079.0,349.3,0,6
80068.0,0.9,0,6
80047.0,1.9,0,6
80039.0,11.99,0,6
80015.0,21.09,0,6
80005.0,1.89,0,6
79989.0,6.54,0,6
79972.0,0.99,0,6
79943.0,9.85,0,6
79930.0,0.76,0,6
79914.0,25.08,0,6
79896.0,19.76,0,6
79867.0,24.99,0,6
79851.0,134.13,0,6
79814.0,4.49,0,6
79801.0,22.45,0,6
79731.0,10.2,0,6
79638.0,4.57,0,6
79585.0,207.15,0,6
79576.0,4.4,0,6
79555.0,29.95,0,6
79534.0,0.89,0,6
79519.0,1.0,0,6
79505.0,1.0,0,6
79494.0,16.14,0,6
79485.0,6.44,0,6
79480.0,162.13,0,6
79454.0,69.0,0,6
79448.0,1.0,0,6
79443.0,1.0,0,6
79441.0,1.0,0,6
79429.0,311.0,0,6
79411.0,1.0,0,6
79409.0,13.9,0,6
79407.0,1.0,0,6
79406.0,27.95,0,6
79403.0,1.0,0,6
79401.0,33.99,0,6
79380.0,108.96,0,6
79368.0,19.0,0,6
79366.0,9.99,0,6
79364.0,229.0,0,6
79356.0,1.0,0,6
79351.0,15.98,0,6
79348.0,1.0,0,6
79339.0,20.0,0,6
79338.0,1.0,0,6
79336.0,5.45,0,6
79328.0,432.98,0,6
79313.0,6.95,0,6
79312.0,1.78,0,6
79306.0,17.99,0,6
79304.0,137.0,0,6
79301.0,4.49,0,6
79295.0,101.45,0,6
79276.0,22.94,0,6
79270.0,6.99,0,6
79263.0,129.95,0,6
79243.0,1.0,0,6
79239.0,9.99,0,6
79237.0,5.25,0,6
79228.0,1.0,0,6
79227.0,460.01,0,6
79223.0,62.0,0,6
79222.0,72.0,0,6
79221.0,12.0,0,6
79219.0,2.42,0,6
79218.0,72.0,0,6
79211.0,58.0,0,6
79209.0,1.0,0,6
79085.0,18.2,0,6
79041.0,28.93,0,6
79020.0,16.89,0,6
78922.0,94.39,0,6
78887.0,7.21,0,6
78861.0,86.63,0,6
78813.0,0.89,0,6
78803.0,936.34,0,6
78768.0,27.0,0,6
78747.0,9.99,0,6
78746.0,2.69,0,6
78694.0,692.31,0,6
78691.0,9.99,0,6
78656.0,0.99,0,6
78653.0,12.99,0,6
78641.0,15.0,0,6
78623.0,140.13,0,6
78606.0,1164.52,0,6
78581.0,13.23,0,6
78509.0,7.96,0,6
78352.0,144.8,0,6
78229.0,1.29,0,6
78185.0,30.0,0,6
78182.0,4.99,0,6
78174.0,2.69,0,6
78151.0,8.1,0,6
78108.0,2.89,0,6
78104.0,34.49,0,6
78081.0,19.99,0,6
78077.0,9.99,0,6
78064.0,29.41,0,6
78045.0,9.51,0,6
78043.0,100.0,0,6
78041.0,1.0,0,6
78015.0,1.0,0,6
78009.0,1.0,0,6
78005.0,1.0,0,6
78001.0,0.79,0,6
77998.0,1.0,0,6
77996.0,1.0,0,6
77995.0,153.28,0,6
77990.0,221.3,0,6
77987.0,1.0,0,6
77974.0,1.0,0,6
77970.0,7.18,0,6
77968.0,0.89,0,6
77967.0,1.0,0,6
77953.0,1.0,0,6
77944.0,17.76,0,6
77913.0,2.99,0,6
77904.0,88.3,0,6
77823.0,17.0,0,6
77777.0,25.05,0,6
77766.0,1.29,0,6
77762.0,25.0,0,6
77761.0,0.29,0,6
77730.0,102.0,0,6
77720.0,10.99,0,6
77567.0,46.99,0,6
77508.0,1.29,0,6
77495.0,5.99,0,6
77456.0,107.61,0,6
77435.0,67.13,0,6
77432.0,64.95,0,6
77412.0,1.98,0,6
77399.0,15.3,0,6
77393.0,8.36,0,6
77358.0,743.07,0,6
77342.0,21.84,0,6
77327.0,1.0,0,6
77277.0,12.0,0,6
77243.0,10.64,0,6
77197.0,8.36,0,6
77158.0,20.0,0,6
77139.0,42.0,0,6
77128.0,0.76,0,6
77118.0,2.58,0,6
77100.0,0.99,0,6
77092.0,9.99,0,6
77080.0,1.0,0,6
77033.0,49.54,0,6
77014.0,1.0,0,6
76862.0,31.95,0,6
76840.0,16.0,0,6
76825.0,760.0,0,6
76753.0,3.69,0,6
76748.0,1.0,0,6
76709.0,100.0,0,6
76693.0,22.79,0,6
76596.0,2.69,0,6
76569.0,1.79,0,6
76564.0,107.98,0,6
76558.0,33.46,0,6
76529.0,1.0,0,6
76513.0,27.94,0,6
76509.0,9.84,0,6
76503.0,1.98,0,6
76457.0,35.0,0,6
76397.0,75.0,0,6
76381.0,102.0,0,6
76367.0,8.94,0,6
76348.0,116.97,0,6
76280.0,86.18,0,6
76279.0,2.68,0,6
76274.0,398.7,0,6
76256.0,8.99,0,6
76244.0,15.28,0,6
76230.0,1.98,0,6
76156.0,32.99,0,6
76074.0,1.0,0,6
76046.0,1.98,0,6
76031.0,1.98,0,6
76011.0,2.99,0,6
75981.0,1197.75,0,6
75969.0,69.16,0,6
75904.0,0.99,0,6
75903.0,77.29,0,6
75900.0,9.99,0,6
75885.0,98.92,0,6
75880.0,11.5,0,6
75835.0,92.58,0,6
75706.0,109.9,0,6
75588.0,1823.2,0,6
75559.0,54.27,0,6
75535.0,543.56,0,6
75433.0,15.0,0,6
75396.0,54.8,0,6
75375.0,10.75,0,6
75364.0,10.46,0,6
75360.0,125.7,0,6
75299.0,6.24,0,6
75288.0,29.22,0,6
75247.0,5.38,0,6
75225.0,130.0,0,6
75221.0,2.69,0,6
75174.0,29.67,0,6
75128.0,1.79,0,6
75011.0,345.53,0,6
74968.0,61.5,0,6
74957.0,1.89,0,6
74895.0,2.58,0,6
74890.0,63.9,0,6
74843.0,170.15,0,6
74811.0,0.01,0,6
74787.0,404.9,0,6
74774.0,69.35,0,6
74755.0,13.7,0,6
74732.0,85.25,0,6
74722.0,0.79,0,6
74696.0,105.44,0,6
74695.0,212.76,0,6
74677.0,45.4,0,6
74646.0,12.95,0,6
74585.0,1.97,0,6
74553.0,1.0,0,6
74546.0,57.01,0,6
74533.0,270.77,0,6
74518.0,1.98,0,6
74490.0,79.68,0,6
74484.0,74.95,0,6
74279.0,129.9,0,6
74236.0,50.0,0,6
74229.0,35.0,0,6
74206.0,17.77,0,6
74191.0,245.58,0,6
74188.0,39.99,0,6
74173.0,23.3,0,6
74111.0,47.23,0,6
73889.0,259.0,0,6
73888.0,1.0,0,6
73880.0,259.0,0,6
73828.0,1328.6,0,6
73778.0,74.99,0,6
73743.0,44.0,0,6
73691.0,9.99,0,6
73690.0,7.27,0,6
73626.0,216.0,0,6
73574.0,95.0,0,6
73536.0,1.0,0,6
73459.0,664.29,0,6
73451.0,8.7,0,6
73396.0,7.99,0,6
73392.0,19.66,0,6
73379.0,4.75,0,6
73377.0,6.51,0,6
73274.0,96.0,0,6
73273.0,69.32,0,6
73218.0,15.97,0,6
73181.0,643.98,0,6
73099.0,0.12,0,6
73097.0,13.37,0,6
73081.0,28.19,0,6
73045.0,8.9,0,6
73034.0,9.99,0,6
72996.0,22.5,0,6
72960.0,107.17,0,6
72844.0,15.42,0,6
72822.0,5.99,0,6
72734.0,4.49,0,6
72689.0,21.3,0,6
72633.0,0.76,0,6
72494.0,1.29,0,6
72420.0,14.39,0,6
72386.0,86.46,0,6
72385.0,2.68,0,6
72249.0,0.99,0,6
72233.0,23.88,0,6
72177.0,399.0,0,6
72150.0,49.9,0,6
72075.0,19.01,0,6
72062.0,19.99,0,6
72047.0,3.79,0,6
72043.0,35.7,0,6
72040.0,1.98,0,6
72021.0,14.99,0,6
71898.0,13.85,0,6
71833.0,30.0,0,6
71831.0,358.93,0,6
71816.0,25.08,0,6
71780.0,34.47,0,6
71765.0,698.86,0,6
71756.0,8.5,0,6
71750.0,32.71,0,6
71737.0,9.99,0,6
71665.0,5.9,0,6
71660.0,0.99,0,6
71523.0,9.99,0,6
71500.0,1.98,0,6
71409.0,1.98,0,6
71408.0,5.0,0,6
71279.0,1.98,0,6
71194.0,5.51,0,6
71192.0,27.0,0,6
71165.0,24.0,0,6
71162.0,93.65,0,6
71120.0,30.7,0,6
71038.0,20.29,0,6
70987.0,9.99,0,6
70971.0,42.81,0,6
70961.0,1.0,0,6
70943.0,4.0,0,6
70835.0,101.39,0,6
70703.0,251.85,0,6
70508.0,311.68,0,6
70440.0,40.0,0,6
70437.0,10.0,0,6
70420.0,0.99,0,6
70393.0,5.81,0,6
70186.0,42.19,0,6
70156.0,29.87,0,6
69958.0,12.31,0,6
69945.0,456.4,0,6
69927.0,110.26,0,6
69881.0,21.13,0,6
69758.0,12.99,0,6
69703.0,1.98,0,6
69672.0,0.89,0,6
69663.0,51.5,0,6
69662.0,1.0,0,6
69637.0,5.0,0,6
69628.0,1.0,0,6
69587.0,20.99,0,6
69573.0,86.0,0,6
69404.0,86.34,0,6
69388.0,11.67,0,6
69354.0,54.95,0,6
69322.0,11.31,0,6
69315.0,10.59,0,6
69297.0,9.99,0,6
69238.0,1.0,0,6
69129.0,6.7,0,6
69056.0,175.45,0,6
69036.0,0.76,0,6
68913.0,38.79,0,6
68905.0,69.95,0,6
68893.0,14.97,0,6
68878.0,67.58,0,6
68876.0,66.4,0,6
68867.0,42.97,0,6
68819.0,1.98,0,6
68776.0,1.0,0,6
68656.0,0.77,0,6
68542.0,82.11,0,6
68453.0,77.0,0,6
68432.0,36.44,0,6
68354.0,0.89,0,6
68326.0,54.15,0,6
68276.0,49.0,0,6
68269.0,1.0,0,6
68258.0,42.4,0,6
68249.0,64.99,0,6
68230.0,12.11,0,6
68180.0,734.3,0,6
68102.0,38.72,0,6
68081.0,3.79,0,6
68074.0,57.81,0,6
68022.0,9.99,0,6
67979.0,14.9,0,6
67969.0,13.98,0,6
67950.0,2.2,0,6
67942.0,5.49,0,6
67937.0,3.99,0,6
67897.0,271.28,0,6
67891.0,130.72,0,6
67877.0,4.7,0,6
67859.0,45.53,0,6
67802.0,1372.85,0,6
67792.0,80.1,0,6
67780.0,15.0,0,6
67759.0,0.76,0,6
67746.0,24.47,0,6
67741.0,10.0,0,6
67739.0,1.0,0,6
67722.0,2.4,0,6
67706.0,30.0,0,6
67703.0,171.96,0,6
67674.0,1.0,0,6
67641.0,70.65,0,6
67630.0,13.53,0,6
67595.0,19.99,0,6
67594.0,2.0,0,6
67590.0,6.8,0,6
67585.0,36.8,0,6
67562.0,2.0,0,6
67545.0,1.8,0,6
67495.0,14.4,0,6
67489.0,0.99,0,6
67486.0,1.0,0,6
67482.0,1.8,0,6
67466.0,190.58,0,6
67462.0,0.89,0,6
67454.0,0.89,0,6
67446.0,63.95,0,6
67443.0,29.99,0,6
67439.0,49.9,0,6
67413.0,9.99,0,6
67328.0,44.95,0,6
67290.0,35.0,0,6
67263.0,0.89,0,6
67170.0,1.29,0,6
67147.0,15.0,0,6
67012.0,41.48,0,6
66851.0,47.85,0,6
66810.0,126.48,0,6
66717.0,1.79,0,6
66684.0,126.0,0,6
66662.0,5.72,0,6
66645.0,15.0,0,6
66627.0,1.0,0,6
66573.0,1250.0,0,6
66487.0,47.85,0,6
66407.0,664.83,0,6
66314.0,28.75,0,6
66265.0,3.58,0,6
66246.0,133.95,0,6
66226.0,237.0,0,6
66113.0,96.75,0,6
66084.0,208.05,0,6
65949.0,1.0,0,6
65868.0,10.0,0,6
65771.0,23.41,0,6
65754.0,65.0,0,6
65696.0,268.76,0,6
65692.0,54.39,0,6
65688.0,64.99,0,6
65640.0,19.99,0,6
65543.0,43.4,0,6
65530.0,67.0,0,6
65498.0,116.0,0,6
65436.0,45.6,0,6
65424.0,9.06,0,6
65409.0,123.98,0,6
65408.0,1.0,0,6
65394.0,12.99,0,6
65191.0,6.0,0,6
65183.0,13.03,0,6
65134.0,36.53,0,6
65004.0,28.75,0,6
64912.0,347.27,0,6
64830.0,2.99,0,6
64814.0,158.0,0,6
64748.0,1230.0,0,6
64711.0,1.98,0,6
64687.0,16.02,0,6
64613.0,4.99,0,6
64493.0,134.0,0,6
64271.0,30.41,0,6
64240.0,0.89,0,6
64237.0,11.35,0,6
64069.0,0.99,0,6
64067.0,12.31,0,6
63960.0,181.3,0,6
63932.0,17.99,0,6
63847.0,15.0,0,6
63821.0,8.99,0,6
63804.0,291.48,0,6
63801.0,54.99,0,6
63773.0,4.47,0,6
63635.0,29.0,0,6
63624.0,7.55,0,6
63578.0,290.18,1,6
63393.0,101.19,0,6
63390.0,22.9,0,6
63213.0,12.0,0,6
63210.0,503.96,0,6
63163.0,3.84,0,6
63146.0,56.0,0,6
63095.0,0.77,0,6
63079.0,1.29,0,6
63034.0,11.99,0,6
62975.0,158.0,0,6
62949.0,282.0,0,6
62925.0,10.78,0,6
62893.0,15.0,0,6
62870.0,92.75,0,6
62861.0,80.85,0,6
62856.0,0.99,0,6
62854.0,20.01,0,6
62786.0,1.29,0,6
62716.0,1.78,0,6
62713.0,34.99,0,6
62517.0,1.29,0,6
62510.0,8.98,0,6
62482.0,1.0,0,6
62373.0,7.02,0,6
62364.0,79.9,0,6
62245.0,239.98,0,6
62137.0,31.0,0,6
62025.0,15.52,0,6
61948.0,7.99,0,6
61922.0,0.99,0,6
61860.0,309.0,0,6
61843.0,0.45,0,6
61791.0,8.97,0,6
61773.0,90.0,0,6
61744.0,3.94,0,6
61724.0,40.99,0,6
61681.0,9.99,0,6
61674.0,57.87,0,6
61600.0,71.21,0,6
61562.0,1.29,0,6
61542.0,1017.06,0,6
61527.0,94.0,0,6
61426.0,1.18,0,6
61374.0,62.0,0,6
61291.0,93.64,0,6
61289.0,97.0,0,6
61255.0,39.9,0,6
61189.0,175.0,0,6
61171.0,65.04,0,6
61160.0,16.99,0,6
61080.0,17.88,0,6
60992.0,678.54,0,6
60980.0,30.0,0,6
60928.0,240.0,0,6
60855.0,49.43,0,6
60776.0,5.95,0,6
60756.0,40.0,0,6
60636.0,41.0,0,6
60635.0,159.84,0,6
60624.0,163.5,0,6
60559.0,14.32,0,6
60501.0,9.19,0,6
60480.0,4.99,0,6
60462.0,17.7,0,6
60386.0,1.98,0,6
60364.0,25.95,0,6
60333.0,116.0,0,6
60264.0,8.0,0,6
60249.0,0.76,0,6
60173.0,69.38,0,6
60141.0,128.48,0,6
60100.0,6.35,0,6
60076.0,223.0,0,6
60061.0,8.94,0,6
60020.0,1.98,0,6
59957.0,25.0,0,6
59724.0,6.15,0,6
59669.0,27.37,0,6
59652.0,238.8,0,6
59602.0,22.7,0,6
59584.0,144.95,0,6
59551.0,289.0,0,6
59523.0,149.9,0,6
59515.0,193.0,0,6
59455.0,165.23,0,6
59435.0,16.68,0,6
59406.0,165.0,0,6
59385.0,29.95,0,6
59373.0,15.2,0,6
59359.0,40.37,0,6
59343.0,69.99,0,6
59209.0,9.99,0,6
59204.0,35.0,0,6
59073.0,4.26,0,6
58838.0,95.0,0,6
58797.0,70.0,0,6
58772.0,156.85,0,6
58768.0,200.33,0,6
58756.0,78.0,0,6
58650.0,1280.0,0,6
58580.0,45.0,0,6
58575.0,7.07,0,6
58535.0,15.0,0,6
58390.0,164.62,0,6
58323.0,81.98,0,6
58191.0,75.08,0,6
58085.0,266.2,0,6
58083.0,19.89,0,6
58081.0,22.06,0,6
57949.0,1400.0,0,6
57903.0,376.93,0,6
57840.0,267.2,0,6
57797.0,140.0,0,6
57789.0,54.33,0,6
57744.0,186.09,0,6
57615.0,62.37,0,6
57554.0,9.85,0,6
57519.0,185.3,0,6
57503.0,8.99,0,6
57460.0,25.97,0,6
57160.0,70.65,0,6
57119.0,1.29,0,6
57006.0,73.52,0,6
56854.0,126.0,0,6
56802.0,17.16,0,6
56784.0,326.85,0,6
56701.0,150.0,0,6
56536.0,7.6,0,6
56401.0,9.99,0,6
56322.0,275.8,0,6
56309.0,10.65,0,6
56281.0,24.95,0,6
56223.0,2.0,0,6
55869.0,0.76,0,6
55720.0,91.02,0,6
55510.0,206.58,0,6
55471.0,428.0,0,6
55446.0,1.98,0,6
55354.0,1.0,0,6
55324.0,10.69,0,6
55236.0,9.99,0,6
55082.0,1.0,0,6
54925.0,6.99,0,6
54902.0,13.98,0,6
54828.0,9.99,0,6
54793.0,15.11,0,6
54765.0,247.82,0,6
54764.0,1.0,0,6
54737.0,54.4,0,6
54682.0,1.29,0,6
54660.0,8.99,0,6
54642.0,215.38,0,6
54527.0,46.9,0,6
54485.0,1.0,0,6
54456.0,90.0,0,6
54429.0,12.36,0,6
54428.0,5.43,0,6
54416.0,30.2,0,6
54411.0,1.0,0,6
54347.0,15.0,0,6
54307.0,0.87,0,6
54284.0,144.32,0,6
54277.0,20.0,0,6
54250.0,1.79,0,6
54249.0,2700.0,0,6
54126.0,9.99,0,6
54111.0,34.93,0,6
54078.0,119.95,0,6
54058.0,379.18,0,6
54030.0,189.59,0,6
54024.0,330.0,0,6
53989.0,95.4,0,6
53973.0,394.68,0,6
53945.0,23.97,0,6
53920.0,0.89,0,6
53822.0,255.87,0,6
53714.0,237.9,0,6
53679.0,576.05,0,6
53665.0,74.95,0,6
53573.0,549.23,0,6
53468.0,2.49,0,6
53411.0,68.02,0,6
53369.0,2.92,0,6
53195.0,1753.91,0,6
53183.0,230.0,0,6
53171.0,0.01,0,6
53156.0,2.92,0,6
53115.0,12.0,0,6
53057.0,39.9,0,6
53033.0,8.76,0,6
52993.0,100.0,0,6
52952.0,66.99,0,6
52873.0,190.16,0,6
52824.0,28.37,0,6
52749.0,1.29,0,6
52697.0,11.02,0,6
52269.0,2.69,0,6
52252.0,1036.49,0,6
52222.0,3.58,0,6
52212.0,6.18,0,6
52208.0,20.0,0,6
52127.0,15.0,0,6
52075.0,12.25,0,6
51935.0,119.0,0,6
51910.0,90.75,0,6
51838.0,10.0,0,6
51752.0,10.65,0,6
51705.0,37.85,0,6
51694.0,636.78,0,6
51412.0,129.25,0,6
51383.0,10.65,0,6
51344.0,200.0,0,6
51296.0,4.49,0,6
51292.0,1.0,0,6
51150.0,169.16,0,6
51135.0,1.0,0,6
51122.0,3.59,0,6
51120.0,1.0,0,6
51097.0,29.99,0,6
51083.0,380.0,0,6
50903.0,311.8,0,6
50898.0,12.0,0,6
50851.0,133.2,0,6
50810.0,38.03,0,6
50802.0,1.0,0,6
50783.0,15.0,0,6
50650.0,46.0,0,6
50592.0,17.99,0,6
50536.0,258.12,0,6
50404.0,5.99,0,6
50309.0,0.0,0,6
50248.0,15.0,0,6
50239.0,16.32,0,6
50238.0,12.31,0,6
50202.0,0.89,0,6
50090.0,10.14,0,6
49931.0,21.13,0,6
49912.0,94.99,0,6
49889.0,0.0,0,6
49815.0,196.42,0,6
49697.0,36.17,0,6
49692.0,144.0,0,6
49589.0,1.0,0,6
49447.0,33.0,0,6
49342.0,94.63,0,6
49287.0,828.55,0,6
49282.0,59.95,0,6
49178.0,33.5,0,6
49171.0,4.0,0,6
49071.0,34.26,0,6
49039.0,65.1,0,6
48891.0,52.6,0,6
48854.0,15.0,0,6
48736.0,15.99,0,6
48610.0,6.67,0,6
48608.0,20.69,0,6
48607.0,23.95,0,6
48601.0,35.99,0,6
48516.0,9.99,0,6
48500.0,9.81,0,6
48487.0,25.99,0,6
48373.0,210.21,0,6
48326.0,9.99,0,6
48324.0,20.85,0,6
48279.0,10.77,0,6
48234.0,31.4,0,6
48233.0,2628.45,0,6
48040.0,21.3,0,6
47981.0,28.9,0,6
47269.0,37.36,0,6
47108.0,49.73,0,6
47048.0,150.0,0,6
47038.0,74.97,0,6
47013.0,52.94,0,6
46965.0,15.0,0,6
46937.0,499.5,0,6
46925.0,8.98,0,6
46899.0,34.9,0,6
46594.0,715.99,0,6
46592.0,4.95,0,6
46536.0,1376.78,0,6
46525.0,968.0,0,6
46470.0,56.99,0,6
46454.0,8.99,0,6
46357.0,435.7,0,6
46288.0,19.54,0,6
46279.0,118.7,0,6
46179.0,7.18,0,6
46176.0,31.9,0,6
46083.0,0.89,0,6
46053.0,7.99,0,6
45971.0,7.98,0,6
45849.0,34.99,0,6
45816.0,11.5,0,6
45780.0,1.0,0,6
45773.0,13.52,0,6
45750.0,25.83,0,6
45451.0,13.04,0,6
45242.0,100.0,0,6
45241.0,3.92,0,6
45239.0,0.76,0,6
45150.0,0.77,0,6
45109.0,154.0,0,6
45009.0,1.0,0,6
45005.0,0.89,0,6
45004.0,2.0,0,6
44922.0,19.02,0,6
44706.0,18.73,0,6
44614.0,1.18,0,6
44606.0,660.08,0,6
44480.0,30.9,0,6
44456.0,24.09,0,6
44398.0,177.7,0,6
44390.0,18.49,0,6
44321.0,89.99,0,6
44245.0,32.5,0,6
44242.0,9.99,0,6
44214.0,15.0,0,6
44135.0,0.76,0,6
44128.0,10.0,0,6
44119.0,1124.25,0,6
44102.0,285.7,0,6
43982.0,349.7,0,6
43955.0,29.75,0,6
43896.0,285.7,0,6
43850.0,49.64,0,6
43825.0,85.0,0,6
43789.0,16.72,0,6
43779.0,2.67,0,6
43761.0,2.95,0,6
43719.0,0.76,0,6
43707.0,52.98,0,6
43627.0,229.7,0,6
43576.0,1.29,0,6
43566.0,79.98,0,6
43521.0,2746.74,0,6
43486.0,8.98,0,6
43402.0,59.0,0,6
43222.0,89.99,0,6
43170.0,36.69,0,6
43166.0,394.2,0,6
43136.0,72.2,0,6
43135.0,1.98,0,6
43089.0,11.37,0,6
43042.0,22.06,0,6
42950.0,1.79,0,6
42891.0,40.0,0,6
42867.0,1.48,0,6
42852.0,270.0,0,6
42815.0,524.17,0,6
42653.0,21.85,0,6
42638.0,89.99,0,6
42490.0,139.67,0,6
42480.0,12.0,0,6
42456.0,801.21,0,6
42424.0,2.17,0,6
42412.0,1.0,0,6
42394.0,10.0,0,6
42309.0,207.0,0,6
42303.0,41.97,0,6
42226.0,106.9,0,6
42224.0,99.99,0,6
42216.0,1.0,0,6
42168.0,1.0,0,6
42150.0,9.98,0,6
42141.0,8.99,0,6
42126.0,62.9,0,6
42072.0,12.31,0,6
42051.0,137.95,0,6
42014.0,0.99,0,6
41875.0,1.05,0,6
41874.0,506.9,0,6
41751.0,77.83,0,6
41661.0,11.99,0,6
41577.0,276.35,0,6
41572.0,51.95,0,6
41550.0,25.0,0,6
41508.0,89.99,0,6
41432.0,90.0,0,6
41348.0,2.0,0,6
41298.0,0.01,0,6
41259.0,22.77,0,6
41238.0,9.99,0,6
41233.0,26.98,0,6
41231.0,462.48,0,6
41208.0,69.18,0,6
41189.0,1.98,0,6
41170.0,129.0,0,6
41152.0,14.5,0,6
41121.0,7.59,0,6
41098.0,45.0,0,6
41060.0,1.52,0,6
41052.0,0.99,0,6
40974.0,1.0,0,6
40964.0,86.03,0,6
40938.0,148.54,0,6
40892.0,174.05,0,6
40869.0,53.0,0,6
40852.0,0.0,0,6
40777.0,22.82,0,6
40776.0,10.99,0,6
40775.0,14.55,0,6
40747.0,44.0,0,6
40733.0,79.5,0,6
40654.0,1.0,0,6
40637.0,5.52,0,6
40619.0,1.0,0,6
40544.0,7.98,0,6
40535.0,120.4,0,6
40506.0,28.7,0,6
40395.0,185.95,0,6
40309.0,1157.32,0,6
40295.0,304.36,0,6
40226.0,19.99,0,6
40128.0,269.0,0,6
40037.0,43.38,0,6
40015.0,4.99,0,6
39995.0,1.0,0,6
39993.0,21.39,0,6
39946.0,103.63,0,6
39903.0,7.14,0,6
39900.0,0.77,0,6
39899.0,11.99,0,6
39880.0,11.38,0,6
39866.0,18.65,0,6
39835.0,59.05,0,6
39801.0,806.16,0,6
39774.0,0.69,0,6
39769.0,265.9,0,6
39767.0,173.88,0,6
39713.0,298.18,0,6
39573.0,104.0,0,6
39488.0,42.35,0,6
39461.0,0.0,0,6
39287.0,182.81,0,6
39247.0,8.5,0,6
39235.0,130.33,0,6
39094.0,14.95,0,6
39084.0,772.0,0,6
39082.0,307.48,0,6
39043.0,114.47,0,6
38958.0,162.38,0,6
38950.0,197.58,0,6
38925.0,3.67,0,6
38915.0,144.0,0,6
38899.0,4.59,0,6
38889.0,204.98,0,6
38808.0,73.9,0,6
38767.0,14.95,0,6
38754.0,30.75,0,6
38722.0,49.74,0,6
38668.0,18.0,0,6
38591.0,1.29,0,6
38526.0,41.5,0,6
38490.0,8.78,0,6
38410.0,45.0,0,6
38350.0,30.75,0,6
38347.0,134.88,0,6
38316.0,42.7,0,6
38239.0,22.0,0,6
38222.0,0.92,0,6
38193.0,131.0,0,6
38173.0,21.99,0,6
38111.0,9.99,0,6
38086.0,58.38,0,6
38007.0,14.36,0,6
37978.0,654.42,0,6
37951.0,79.0,0,6
37896.0,468.3,0,6
37878.0,0.99,0,6
37818.0,1.98,0,6
37791.0,7.55,0,6
37749.0,112.24,0,6
37616.0,0.64,0,6
37602.0,31.4,0,6
37519.0,35.85,0,6
37470.0,245.25,0,6
37464.0,29.75,0,6
37403.0,5.99,0,6
37394.0,0.99,0,6
37317.0,49.74,0,6
37297.0,45.85,0,6
37263.0,19.95,0,6
37244.0,83.5,0,6
37195.0,225.65,0,6
37187.0,8.04,0,6
37139.0,58.4,0,6
37100.0,30.0,0,6
37032.0,211.15,0,6
36941.0,12.0,0,6
36901.0,0.76,0,6
36776.0,11.0,0,6
36673.0,30.0,0,6
36661.0,1663.75,0,6
36652.0,6.0,0,6
36649.0,4.89,0,6
36611.0,40.63,0,6
36541.0,30.08,0,6
36532.0,1836.08,0,6
36448.0,19.85,0,6
36398.0,13.79,0,6
36317.0,64.99,0,6
36209.0,50.0,0,6
36182.0,1.98,0,6
36095.0,16.99,0,6
36076.0,48.0,0,6
36064.0,36.99,0,6
36045.0,24.9,0,6
35985.0,15.0,0,6
35953.0,144.49,0,6
35948.0,303.0,0,6
35874.0,1.5,0,6
35863.0,78.4,0,6
35841.0,230.0,0,6
35801.0,50.0,0,6
35779.0,20.0,0,6
35733.0,1.29,0,6
35721.0,37.51,0,6
35710.0,3.09,0,6
35634.0,91.0,0,6
35621.0,0.0,0,6
35611.0,10.62,0,6
35580.0,0.92,0,6
35525.0,122.4,0,6
35422.0,16.65,0,6
35397.0,74.99,0,6
35359.0,364.08,0,6
35328.0,55.0,0,6
35310.0,938.0,0,6
35122.0,4.66,0,6
35105.0,3.99,0,6
35096.0,23.73,0,6
35073.0,36.9,0,6
35066.0,46.29,0,6
35052.0,135.0,0,6
35050.0,4.0,0,6
35049.0,33.8,0,6
35023.0,72.0,0,6
34853.0,0.0,0,6
34810.0,77.1,0,6
34700.0,8.99,0,6
34686.0,120.95,0,6
34657.0,111.97,0,6
34545.0,99.0,0,6
34414.0,70.0,0,6
34357.0,14.71,0,6
34289.0,38.0,0,6
34014.0,28.79,0,6
33966.0,855.88,0,6
33958.0,180.27,0,6
33890.0,67.9,0,6
33875.0,0.76,0,6
33808.0,1.0,0,6
33759.0,77.87,0,6
33733.0,89.0,0,6
33651.0,12.31,0,6
33567.0,448.0,0,6
33531.0,11.9,0,6
33469.0,67.56,0,6
33467.0,14.99,0,6
33462.0,12.0,0,6
33387.0,20.83,0,6
33355.0,118.0,0,6
33312.0,41.11,0,6
33282.0,200.0,0,6
33250.0,136.0,0,6
33211.0,10.0,0,6
33124.0,164.01,0,6
33079.0,82.15,0,6
32973.0,45.5,0,6
32922.0,3.99,0,6
32890.0,289.0,0,6
32879.0,0.76,0,6
32763.0,527.24,0,6
32641.0,170.58,0,6
32628.0,64.17,0,6
32613.0,186.62,0,6
32557.0,52.5,0,6
32478.0,18.52,0,6
32448.0,19.99,0,6
32059.0,0.33,0,6
31964.0,1.0,0,6
31805.0,64.99,0,6
31718.0,4.49,0,6
31541.0,0.85,0,6
31528.0,12.0,0,6
31392.0,0.0,0,6
31355.0,20.94,0,6
31121.0,29.2,0,6
31099.0,6.99,0,6
31029.0,88.0,0,6
30564.0,6.9,0,6
28909.0,24.99,0,6
28865.0,39.99,0,6
28854.0,17.99,0,6
28847.0,6.99,0,6
28840.0,62.8,0,6
28834.0,1.0,0,6
28818.0,9.99,0,6
28816.0,7.49,0,6
28809.0,9.99,0,6
28411.0,351.65,0,6
27699.0,8.29,0,6
27474.0,1691.44,0,6
27160.0,1499.0,0,6
24050.0,41.51,0,6
21904.0,68.85,0,6
19266.0,1.98,0,6
14465.0,39.0,0,6
14442.0,14.95,0,6
11052.0,15.95,0,6
11047.0,15.95,0,6
11045.0,149.95,0,6
11043.0,15.95,0,6
11041.0,39.0,0,6
11008.0,15.95,0,6
10982.0,159.98,0,6
10979.0,39.0,0,6
10965.0,15.95,0,6
4942.0,4.49,0,6
3744.0,9.08,0,6
3742.0,10.13,0,6
