Time,Amount,Class
166198.0,25691.16,0
48401.0,19656.53,0
95286.0,18910.0,0
42951.0,12910.93,0
46253.0,11898.09,0
119713.0,11789.84,0
172273.0,10199.44,0
145283.0,10000.0,0
55709.0,8790.26,0
152763.0,8787.0,0
144755.0,8360.0,0
145381.0,8182.7,0
30537.0,7879.42,0
150726.0,7862.39,0
128027.0,7766.6,0
1264.0,7712.43,0
47807.0,7636.3,0
133971.0,7583.32,0
141546.0,7541.7,0
32605.0,7429.15,0
145630.0,7367.0,0
145548.0,6998.0,0
140335.0,6982.67,0
38763.0,6950.51,0
149657.0,6900.47,0
141031.0,6828.0,0
41978.0,6669.0,0
128701.0,6652.89,0
43684.0,6511.0,0
132779.0,6454.74,0
67676.0,6239.54,0
27283.0,6130.21,0
63675.0,6000.0,0
142019.0,5964.95,0
47379.0,5934.9,0
122452.0,5918.0,0
132153.0,5714.58,0
141764.0,5714.2,0
101160.0,5707.82,0
44045.0,5680.0,0
79270.0,5667.56,0
52672.0,5657.54,0
150149.0,5627.06,0
50160.0,5446.07,0
111347.0,5420.61,0
131357.0,5356.42,0
50257.0,5341.41,0
59360.0,5317.28,0
69311.0,5303.69,0
86326.0,5268.04,0
55484.0,5259.0,0
29601.0,5239.5,0
46570.0,5130.3,0
43164.0,5114.1,0
138975.0,5026.26,0
145150.0,4959.85,0
130626.0,4956.31,0
32987.0,4907.01,0
118597.0,4905.0,0
52531.0,4901.0,0
119969.0,4861.64,0
121450.0,4861.64,0
125199.0,4833.0,0
148339.0,4781.44,0
127598.0,4738.79,0
71861.0,4726.3,0
141633.0,4692.65,0
138363.0,4675.0,0
53394.0,4652.24,0
119237.0,4651.39,0
142169.0,4644.25,0
75180.0,4642.2,0
119550.0,4633.95,0
43851.0,4627.1,0
122143.0,4585.0,0
43081.0,4584.88,0
121340.0,4543.64,0
124809.0,4500.0,0
137059.0,4487.49,0
37373.0,4476.72,0
155131.0,4465.04,0
103891.0,4462.71,0
40358.0,4457.43,0
119298.0,4395.34,0
121530.0,4377.98,0
165682.0,4361.17,0
63076.0,4351.1,0
123549.0,4350.0,0
38721.0,4338.25,0
62965.0,4337.0,0
163427.0,4323.08,0
33304.0,4313.82,0
33309.0,4313.82,0
146271.0,4290.0,0
62303.0,4281.72,0
42146.0,4276.82,0
84010.0,4276.82,0
50461.0,4275.58,0
50486.0,4275.58,0
52840.0,4249.73,0
130956.0,4248.34,0
72054.0,4229.51,0
135284.0,4190.0,0
136129.0,4171.8,0
34063.0,4140.2,0
44706.0,4112.89,0
58342.0,4111.0,0
129041.0,4106.04,0
33687.0,4103.75,0
142536.0,4102.74,0
63082.0,4099.3,0
139951.0,4097.4,0
47305.0,4080.3,0
67770.0,4063.17,0
148397.0,4041.2,0
44547.0,4024.33,0
147170.0,4012.24,0
43458.0,4008.36,0
8544.0,4002.88,0
64594.0,4002.0,0
27147.0,4000.0,0
39080.0,4000.0,0
111881.0,4000.0,0
151245.0,3995.94,0
10538.0,3995.92,0
164989.0,3990.12,0
36658.0,3980.0,0
79797.0,3974.58,0
53607.0,3937.13,0
125708.0,3932.5,0
66618.0,3929.03,0
139069.0,3917.92,0
118515.0,3908.0,0
138218.0,3907.9,0
119595.0,3898.37,0
140251.0,3896.83,0
32351.0,3889.0,0
54696.0,3882.66,0
62617.0,3849.85,0
129252.0,3848.01,0
103.0,3828.04,0
39739.0,3821.79,0
171560.0,3820.86,0
41663.0,3820.0,0
127224.0,3804.63,0
64767.0,3803.29,0
75261.0,3790.39,0
159761.0,3789.8,0
141925.0,3783.15,0
103916.0,3774.7,0
58797.0,3769.6,0
75050.0,3763.67,0
73778.0,3759.39,0
74657.0,3759.39,0
152443.0,3758.25,0
66674.0,3745.52,0
75524.0,3740.25,0
54994.0,3728.45,0
129091.0,3721.4,0
53296.0,3693.0,0
57030.0,3692.76,0
82668.0,3690.24,0
47146.0,3684.62,0
42721.0,3679.64,0
170302.0,3670.0,0
109959.0,3669.42,0
1698.0,3669.0,0
137926.0,3655.11,0
129694.0,3651.81,0
140441.0,3648.57,0
86032.0,3629.22,0
50716.0,3617.0,0
32952.0,3610.0,0
73813.0,3605.62,0
59737.0,3605.12,0
41993.0,3603.26,0
103898.0,3595.72,0
108434.0,3590.45,0
29351.0,3588.64,0
128491.0,3576.45,0
143922.0,3563.19,0
140818.0,3561.84,0
121712.0,3556.43,0
146772.0,3552.96,0
50811.0,3546.0,0
35578.0,3526.23,0
122021.0,3521.42,0
60267.0,3516.12,0
140711.0,3510.95,0
123546.0,3507.54,0
161785.0,3502.13,0
141655.0,3502.11,0
43763.0,3500.0,0
125257.0,3500.0,0
135753.0,3500.0,0
80330.0,3497.7,0
139348.0,3492.39,0
63821.0,3480.88,0
50606.0,3468.0,0
42726.0,3465.66,0
31751.0,3463.6,0
124730.0,3460.56,0
160516.0,3454.92,0
35392.0,3449.97,0
43109.0,3425.0,0
140310.0,3424.92,0
121641.0,3419.12,0
41115.0,3418.41,0
144771.0,3416.79,0
29491.0,3405.06,0
107983.0,3400.0,0
80619.0,3394.61,0
55467.0,3386.0,0
82813.0,3383.28,0
30235.0,3382.0,0
156374.0,3379.6,0
156375.0,3379.6,0
119366.0,3378.0,0
62645.0,3363.79,0
146361.0,3362.0,0
137630.0,3360.0,0
121007.0,3352.44,0
53364.0,3347.84,0
37023.0,3336.0,0
122863.0,3335.73,0
160517.0,3320.87,0
142143.0,3319.2,0
52679.0,3317.33,0
66762.0,3307.14,0
123471.0,3297.9,0
50969.0,3291.0,0
127678.0,3268.19,0
48219.0,3253.61,0
147129.0,3249.73,0
133880.0,3237.21,0
68323.0,3231.27,0
68918.0,3209.39,0
38365.0,3209.0,0
38417.0,3209.0,0
129537.0,3208.62,0
51300.0,3208.53,0
37449.0,3202.91,0
44622.0,3200.0,0
126922.0,3199.21,0
119281.0,3185.75,0
41343.0,3180.0,0
121334.0,3178.9,0
62216.0,3169.73,0
48625.0,3168.8,0
124154.0,3167.74,0
126822.0,3165.51,0
84259.0,3164.76,0
127307.0,3159.0,0
169293.0,3153.32,0
69333.0,3152.32,0
75007.0,3135.0,0
119780.0,3119.0,0
49013.0,3118.0,0
125500.0,3115.67,0
125592.0,3115.67,0
54493.0,3113.91,0
64276.0,3106.44,0
33723.0,3106.41,0
137500.0,3104.97,0
170137.0,3100.0,0
154388.0,3097.98,0
154443.0,3097.98,0
75163.0,3085.14,0
37009.0,3078.84,0
35399.0,3075.0,0
114821.0,3075.0,0
146985.0,3068.21,0
35638.0,3055.88,0
45502.0,3050.69,0
148219.0,3050.27,0
57303.0,3042.63,0
133952.0,3039.46,0
52897.0,3033.4,0
71306.0,3032.67,0
160389.0,3028.0,0
101506.0,3026.52,0
36469.0,3023.76,0
109266.0,3018.5,0
123290.0,3017.28,0
36762.0,3000.0,0
43155.0,3000.0,0
44521.0,3000.0,0
69818.0,3000.0,0
146473.0,3000.0,0
171514.0,2992.05,0
129350.0,2982.04,0
79842.0,2981.78,0
58458.0,2980.89,0
81444.0,2965.84,0
121702.0,2960.47,0
62777.0,2959.59,0
124757.0,2958.31,0
129890.0,2957.46,0
64130.0,2957.29,0
76098.0,2947.08,0
145568.0,2939.51,0
129961.0,2934.54,0
88736.0,2930.7,0
40052.0,2928.58,0
81709.0,2921.9,0
122931.0,2921.46,0
117079.0,2919.92,0
74750.0,2917.64,0
2151.0,2909.97,0
54703.0,2909.94,0
128013.0,2904.14,0
51212.0,2903.86,0
46227.0,2901.0,0
39069.0,2895.9,0
166327.0,2892.97,0
74162.0,2892.42,0
139259.0,2890.63,0
36150.0,2877.9,0
156568.0,2871.16,0
118007.0,2869.8,0
68056.0,2868.89,0
147386.0,2858.0,0
36285.0,2856.8,0
40138.0,2849.94,0
31370.0,2849.44,0
40358.0,2843.0,0
33687.0,2831.4,0
137442.0,2823.37,0
155486.0,2820.05,0
62092.0,2815.34,0
42618.0,2809.94,0
53200.0,2800.0,0
137012.0,2800.0,0
40260.0,2798.48,0
166155.0,2796.44,0
100015.0,2793.6,0
123688.0,2783.07,0
139303.0,2775.17,0
58552.0,2773.88,0
71834.0,2772.86,0
125052.0,2768.53,0
29666.0,2766.4,0
28728.0,2763.25,0
138826.0,2756.03,0
82191.0,2755.71,0
32043.0,2754.0,0
43521.0,2746.74,0
10516.0,2746.34,0
166937.0,2742.11,0
56952.0,2734.8,0
155370.0,2733.24,0
127105.0,2726.76,0
162190.0,2723.04,0
29591.0,2718.84,0
47286.0,2718.44,0
121466.0,2717.0,0
71853.0,2716.0,0
30652.0,2715.65,0
143722.0,2709.8,0
66240.0,2708.0,0
126461.0,2702.29,0
135375.0,2701.93,0
142159.0,2701.6,0
40036.0,2700.0,0
54249.0,2700.0,0
54308.0,2700.0,0
161764.0,2699.22,0
126331.0,2693.5,0
35994.0,2692.66,0
37692.0,2692.15,0
149948.0,2690.24,0
146082.0,2687.48,0
75608.0,2687.0,0
62925.0,2682.28,0
49780.0,2677.0,0
120899.0,2676.64,0
129647.0,2675.2,0
147206.0,2669.41,0
117204.0,2669.14,0
151579.0,2668.0,0
63236.0,2667.16,0
32247.0,2663.07,0
52344.0,2660.94,0
76474.0,2658.84,0
63048.0,2646.0,0
146081.0,2641.87,0
151361.0,2638.71,0
153041.0,2631.92,0
48233.0,2628.45,0
39901.0,2627.68,0
38433.0,2626.25,0
71133.0,2624.31,0
146270.0,2622.0,0
157171.0,2621.43,0
76056.0,2616.0,0
58106.0,2615.25,0
166748.0,2614.14,0
153783.0,2613.8,0
38559.0,2607.68,0
49359.0,2607.5,0
121666.0,2604.0,0
32582.0,2602.7,0
152021.0,2602.0,0
111725.0,2600.0,0
129096.0,2600.0,0
61031.0,2598.57,0
63871.0,2593.45,0
131246.0,2584.12,0
138880.0,2583.54,0
131175.0,2572.33,0
65546.0,2571.8,0
70381.0,2571.28,0
63014.0,2567.71,0
119733.0,2567.34,0
138068.0,2564.4,0
53607.0,2563.16,0
62165.0,2561.0,0
155002.0,2555.0,0
137837.0,2549.0,0
157895.0,2547.47,0
120634.0,2547.24,0
125641.0,2546.63,0
74123.0,2545.87,0
37251.0,2543.0,0
118579.0,2541.8,0
2019.0,2540.42,0
135675.0,2539.73,0
81313.0,2539.25,0
83150.0,2535.95,0
45881.0,2534.12,0
160229.0,2533.66,0
63067.0,2530.69,0
50296.0,2528.61,0
56694.0,2525.81,0
34064.0,2525.8,0
120092.0,2520.47,0
26752.0,2520.0,0
140480.0,2517.66,0
127758.0,2517.46,0
36290.0,2506.57,0
37084.0,2500.0,0
40794.0,2500.0,0
55076.0,2500.0,0
62081.0,2500.0,0
76298.0,2500.0,0
121023.0,2500.0,0
147894.0,2500.0,0
150218.0,2500.0,0
150978.0,2500.0,0
138289.0,2499.9,0
150993.0,2494.4,0
134576.0,2485.79,0
58666.0,2481.64,0
92897.0,2481.6,0
37688.0,2480.25,0
91343.0,2477.43,0
86903.0,2476.7,0
34042.0,2476.23,0
63782.0,2468.2,0
40506.0,2467.72,0
159155.0,2466.8,0
148764.0,2464.32,0
130452.0,2460.8,0
1077.0,2452.03,0
40535.0,2447.6,0
56479.0,2446.15,0
40605.0,2441.88,0
57880.0,2441.85,0
126929.0,2438.0,0
79958.0,2437.82,0
147693.0,2427.36,0
105209.0,2425.85,0
37491.0,2425.35,0
46895.0,2421.42,0
116955.0,2419.12,0
147937.0,2414.43,0
137851.0,2413.9,0
29730.0,2409.32,0
52517.0,2408.51,0
122972.0,2408.06,0
45163.0,2407.72,0
57513.0,2404.29,0
60209.0,2404.0,0
79941.0,2400.0,0
83752.0,2400.0,0
122865.0,2400.0,0
146570.0,2400.0,0
133975.0,2395.91,0
162177.0,2394.0,0
49959.0,2392.08,0
81880.0,2390.73,0
58438.0,2387.52,0
81965.0,2378.83,0
96767.0,2378.55,0
49389.0,2368.0,0
73457.0,2364.68,0
133606.0,2363.1,0
79567.0,2355.99,0
148485.0,2355.38,0
78041.0,2355.36,0
121992.0,2353.01,0
141212.0,2349.31,0
51008.0,2349.0,0
63008.0,2340.0,0
142637.0,2340.0,0
119754.0,2335.38,0
64627.0,2333.18,0
161604.0,2331.31,0
151407.0,2329.52,0
166758.0,2328.4,0
140189.0,2323.34,0
43731.0,2322.28,0
53384.0,2321.12,0
29527.0,2319.97,0
31666.0,2312.26,0
44423.0,2310.0,0
150790.0,2308.5,0
60305.0,2303.05,0
51270.0,2302.48,0
41503.0,2302.38,0
132487.0,2297.74,0
56541.0,2294.56,0
43238.0,2290.94,0
152047.0,2290.05,0
163677.0,2289.2,0
78979.0,2287.2,0
54896.0,2286.6,0
136349.0,2282.2,0
56520.0,2281.13,0
74042.0,2279.5,0
49931.0,2276.32,0
76494.0,2268.0,0
141476.0,2267.5,0
123034.0,2266.01,0
112383.0,2263.73,0
119496.0,2257.14,0
33022.0,2257.08,0
151280.0,2251.0,0
69776.0,2250.0,0
38956.0,2249.36,0
52374.0,2249.0,0
55815.0,2248.25,0
104677.0,2247.4,0
114523.0,2245.02,0
130239.0,2243.0,0
130784.0,2241.97,0
161091.0,2237.64,0
140343.0,2235.16,0
162975.0,2235.0,0
153788.0,2231.5,0
131661.0,2230.0,0
46860.0,2229.97,0
43204.0,2229.0,0
120198.0,2224.52,0
144265.0,2220.45,0
114929.0,2219.5,0
123713.0,2219.35,0
108511.0,2217.4,0
26952.0,2217.18,0
44262.0,2216.5,0
46827.0,2216.0,0
169652.0,2214.28,0
36604.0,2211.52,0
134747.0,2206.24,0
58655.0,2205.65,0
128216.0,2205.08,0
124590.0,2202.0,0
130306.0,2201.43,0
129779.0,2200.0,0
169415.0,2199.54,0
159042.0,2199.28,0
68870.0,2196.16,0
129600.0,2190.0,0
48345.0,2189.0,0
169046.0,2188.39,0
39097.0,2183.88,0
150263.0,2183.44,0
51811.0,2181.0,0
37463.0,2173.2,0
33184.0,2163.25,0
157579.0,2162.78,0
138416.0,2160.12,0
127138.0,2159.5,0
73602.0,2156.0,0
147438.0,2155.27,0
154763.0,2155.17,0
47493.0,2152.9,0
141627.0,2151.0,0
120570.0,2150.0,0
78479.0,2149.36,0
43340.0,2149.14,0
37137.0,2145.8,0
137953.0,2144.73,0
155265.0,2142.84,0
39037.0,2141.08,0
69610.0,2140.74,0
162541.0,2137.98,0
34392.0,2135.9,0
35021.0,2130.63,0
69771.0,2128.41,0
146250.0,2127.4,0
14432.0,2126.13,0
160444.0,2126.0,0
122608.0,2125.87,1
52101.0,2119.24,0
150751.0,2116.24,0
64877.0,2115.8,0
137541.0,2115.77,0
67097.0,2108.19,0
38943.0,2106.94,0
117054.0,2105.52,0
139756.0,2105.43,0
54272.0,2105.23,0
138477.0,2101.85,0
121879.0,2099.0,0
150246.0,2098.0,0
59685.0,2090.5,0
122094.0,2090.0,0
145904.0,2088.0,0
33831.0,2087.25,0
29587.0,2084.94,0
39378.0,2084.8,0
141463.0,2083.2,0
65751.0,2080.08,0
123631.0,2078.08,0
56784.0,2077.24,0
50846.0,2075.93,0
160444.0,2074.69,0
149466.0,2074.26,0
61480.0,2071.0,0
81892.0,2070.23,0
84766.0,2069.8,0
127500.0,2065.25,0
154505.0,2063.94,0
85154.0,2063.04,0
59717.0,2062.4,0
132971.0,2061.8,0
60609.0,2058.0,0
76657.0,2056.85,0
118946.0,2055.02,0
153587.0,2052.91,0
137110.0,2049.42,0
53811.0,2049.0,0
155023.0,2048.38,0
146755.0,2046.2,0
49249.0,2045.5,0
30038.0,2044.02,0
38327.0,2043.44,0
36380.0,2043.0,0
141335.0,2038.94,0
140633.0,2037.35,0
25550.0,2034.86,0
42149.0,2031.58,0
146140.0,2031.02,0
40087.0,2030.54,0
126197.0,2030.0,0
125200.0,2029.79,0
134882.0,2028.99,0
155286.0,2028.99,0
44244.0,2025.0,0
75683.0,2022.16,0
49724.0,2021.65,0
86624.0,2018.09,0
50301.0,2017.45,0
52404.0,2015.67,0
52591.0,2015.66,0
91693.0,2014.0,0
155426.0,2014.0,0
123804.0,2013.0,0
152923.0,2010.3,0
64184.0,2007.0,0
141363.0,2006.27,0
155394.0,2006.03,0
140763.0,2003.33,0
140623.0,2001.65,0
136901.0,2000.36,0
32617.0,2000.0,0
36788.0,2000.0,0
42813.0,2000.0,0
60860.0,2000.0,0
69959.0,2000.0,0
118120.0,2000.0,0
118563.0,2000.0,0
124831.0,2000.0,0
127872.0,2000.0,0
129778.0,2000.0,0
132211.0,2000.0,0
135462.0,2000.0,0
141297.0,2000.0,0
146468.0,2000.0,0
170292.0,2000.0,0
155414.0,1999.89,0
154075.0,1999.28,0
58976.0,1998.0,0
145087.0,1997.0,0
150525.0,1997.0,0
41101.0,1995.18,0
118122.0,1994.17,0
62102.0,1993.32,0
53833.0,1992.66,0
67692.0,1989.82,0
83744.0,1989.72,0
33572.0,1989.68,0
40912.0,1988.0,0
24720.0,1986.92,0
144812.0,1985.0,0
41034.0,1984.45,0
60734.0,1982.98,0
59717.0,1982.92,0
152857.0,1979.1,0
57702.0,1977.64,0
161595.0,1975.6,0
144282.0,1975.53,0
160176.0,1975.4,0
27930.0,1974.0,0
131624.0,1972.71,0
162329.0,1971.48,0
65530.0,1970.99,0
128329.0,1970.16,0
39879.0,1968.0,0
44548.0,1968.0,0
144656.0,1967.64,0
81584.0,1967.24,0
46363.0,1964.94,0
56204.0,1963.16,0
107851.0,1962.02,0
140877.0,1956.0,0
156882.0,1954.0,0
122261.0,1953.12,0
38952.0,1952.4,0
115557.0,1950.32,0
33443.0,1948.68,0
95716.0,1948.52,0
66470.0,1948.32,0
66736.0,1948.32,0
9562.0,1946.35,0
41189.0,1944.84,0
117972.0,1944.0,0
118671.0,1942.96,0
166501.0,1940.15,0
126622.0,1940.0,0
25833.0,1939.84,0
133520.0,1939.46,0
2216.0,1939.3,0
26484.0,1937.66,0
128632.0,1933.04,0
137804.0,1932.8,0
126642.0,1932.3,0
56944.0,1931.36,0
162997.0,1931.15,0
153152.0,1930.74,0
94473.0,1930.46,0
126019.0,1930.39,0
144384.0,1930.0,0
145286.0,1930.0,0
46861.0,1928.2,0
113189.0,1927.46,0
146799.0,1925.96,0
139561.0,1924.6,0
164828.0,1923.95,0
50482.0,1923.18,0
120515.0,1923.0,0
96627.0,1920.9,0
142122.0,1919.2,0
117873.0,1919.14,0
137185.0,1918.7,0
53370.0,1918.5,0
169413.0,1918.47,0
64425.0,1917.11,0
137993.0,1916.59,0
48494.0,1916.0,0
39607.0,1915.01,0
71415.0,1915.0,0
74031.0,1913.47,0
19463.0,1912.89,0
19468.0,1912.89,0
136217.0,1905.81,0
78547.0,1904.75,0
140114.0,1903.65,0
60393.0,1903.37,0
11250.0,1903.26,0
36144.0,1902.0,0
42055.0,1900.35,0
125033.0,1900.0,0
39664.0,1899.17,0
47922.0,1898.8,0
54967.0,1897.72,0
122573.0,1896.44,0
10158.0,1895.88,0
10201.0,1895.88,0
62813.0,1895.88,0
128642.0,1895.62,0
32175.0,1894.25,0
52163.0,1892.38,0
60227.0,1891.73,0
169527.0,1890.99,0
127863.0,1890.69,0
79765.0,1890.56,0
139902.0,1890.0,0
97623.0,1888.43,0
140933.0,1887.39,0
70711.0,1885.93,0
150004.0,1884.46,0
124155.0,1883.61,0
148382.0,1883.15,0
131368.0,1882.92,0
38314.0,1882.38,0
125010.0,1882.38,0
50587.0,1881.36,0
137911.0,1880.0,0
60988.0,1879.0,0
148030.0,1879.0,0
126409.0,1878.12,0
51263.0,1876.9,0
60256.0,1876.29,0
164759.0,1875.48,0
161516.0,1874.14,0
100241.0,1873.12,0
41416.0,1872.85,0
158343.0,1870.31,0
84136.0,1868.88,0
118501.0,1867.75,0
169194.0,1865.28,0
137795.0,1865.17,0
164670.0,1865.13,0
76242.0,1865.0,0
28821.0,1864.92,0
136949.0,1862.97,0
63851.0,1862.9,0
133161.0,1860.0,0
59204.0,1859.16,0
138218.0,1858.0,0
89145.0,1856.1,0
96556.0,1856.09,0
56896.0,1855.66,0
56970.0,1855.66,0
138781.0,1854.18,0
62611.0,1853.62,0
50747.0,1853.0,0
63148.0,1851.46,0
124158.0,1851.32,0
136081.0,1850.0,0
162290.0,1849.4,0
122479.0,1848.06,0
122479.0,1848.06,0
36923.0,1848.0,0
50352.0,1848.0,0
48327.0,1847.9,0
63490.0,1847.34,0
130752.0,1846.5,0
142323.0,1845.81,0
85425.0,1843.8,0
139702.0,1843.06,0
28625.0,1841.18,0
148952.0,1838.0,0
140458.0,1837.66,0
125689.0,1837.0,0
36532.0,1836.08,0
139472.0,1832.79,0
57773.0,1832.55,0
54393.0,1831.8,0
131718.0,1830.22,0
63936.0,1829.71,0
27405.0,1828.5,0
52870.0,1827.84,0
120674.0,1826.8,0
39715.0,1826.74,0
52514.0,1826.6,0
29974.0,1826.59,0
141955.0,1825.73,0
50484.0,1825.0,0
51485.0,1824.84,0
115931.0,1824.0,0
41012.0,1823.2,0
75588.0,1823.2,0
45367.0,1822.88,0
156632.0,1819.32,0
122387.0,1816.0,0
141182.0,1815.39,0
128092.0,1814.83,0
147543.0,1814.33,0
40625.0,1810.96,0
39857.0,1810.0,0
9064.0,1809.68,1
75962.0,1808.75,0
38915.0,1807.39,0
78993.0,1806.54,0
162602.0,1806.5,0
122960.0,1802.0,0
119778.0,1801.84,0
34715.0,1800.0,0
34868.0,1800.0,0
36600.0,1800.0,0
44426.0,1800.0,0
53979.0,1800.0,0
68153.0,1800.0,0
82583.0,1800.0,0
114877.0,1800.0,0
126426.0,1800.0,0
144227.0,1800.0,0
61244.0,1799.45,0
138356.0,1799.15,0
143574.0,1797.95,0
119757.0,1797.92,0
58149.0,1796.3,0
158406.0,1796.0,0
122611.0,1794.23,0
128854.0,1794.07,0
151971.0,1794.0,0
41496.0,1793.83,0
145864.0,1791.12,0
169671.0,1791.0,0
150335.0,1789.92,0
51317.0,1789.0,0
149649.0,1787.0,0
154717.0,1786.5,0
62588.0,1786.39,0
160539.0,1786.35,0
75422.0,1784.51,0
54061.0,1784.2,0
155431.0,1783.78,0
164740.0,1783.26,0
55703.0,1782.17,0
57940.0,1781.1,0
162782.0,1780.52,0
33596.0,1780.47,0
136978.0,1779.12,0
136414.0,1775.18,0
66936.0,1775.15,0
76451.0,1774.0,0
124562.0,1772.0,0
122571.0,1771.5,0
39799.0,1771.4,0
132059.0,1770.0,0
4686.0,1769.69,0
132191.0,1769.65,0
139290.0,1768.99,0
111517.0,1767.71,0
72550.0,1767.06,0
53429.0,1765.0,0
55012.0,1764.7,0
133769.0,1764.12,0
76037.0,1763.07,0
115088.0,1762.43,0
37090.0,1762.42,0
35328.0,1762.2,0
158622.0,1760.64,0
35678.0,1759.24,0
83513.0,1758.0,0
157397.0,1756.9,0
45355.0,1755.67,0
130268.0,1755.29,0
34482.0,1754.55,0
53195.0,1753.91,0
146026.0,1752.86,0
70314.0,1750.0,0
82027.0,1749.59,0
36673.0,1748.75,0
43858.0,1748.7,0
36796.0,1746.85,0
26652.0,1746.8,0
26875.0,1746.8,0
120536.0,1746.0,0
45286.0,1745.6,0
57009.0,1745.55,0
48056.0,1745.5,0
132928.0,1745.4,0
48378.0,1744.37,0
36173.0,1744.21,0
11351.0,1744.08,0
150452.0,1743.2,0
58325.0,1742.34,0
58689.0,1742.16,0
79608.0,1741.26,0
132362.0,1740.0,0
75586.0,1738.5,0
156245.0,1737.52,0
57373.0,1737.51,0
64483.0,1736.81,0
990.0,1736.0,0
35487.0,1735.54,0
134884.0,1733.78,0
131973.0,1733.0,0
155103.0,1732.57,0
49072.0,1732.3,0
133453.0,1732.12,0
53639.0,1730.3,0
132620.0,1730.0,0
71898.0,1729.79,0
76318.0,1729.79,0
164422.0,1728.0,0
143107.0,1726.01,0
142388.0,1724.46,0
147488.0,1724.0,0
145646.0,1723.37,0
29004.0,1722.52,0
77775.0,1722.5,0
116485.0,1721.84,0
25996.0,1721.69,0
51022.0,1719.71,0
51740.0,1719.4,0
33211.0,1719.03,0
147968.0,1719.0,0
62253.0,1718.18,0
41515.0,1717.38,0
38912.0,1715.71,0
38360.0,1714.96,0
81961.0,1714.79,0
160562.0,1714.0,0
35723.0,1713.99,0
35807.0,1713.99,0
63599.0,1713.11,0
123825.0,1713.06,0
28770.0,1712.31,0
112184.0,1711.5,0
137636.0,1709.82,0
122656.0,1708.56,0
128106.0,1708.41,0
125526.0,1707.34,0
47672.0,1706.35,0
41479.0,1706.34,0
132073.0,1704.0,0
94415.0,1702.0,0
59236.0,1701.6,0
50694.0,1700.73,0
139434.0,1700.0,0
169041.0,1699.0,0
43700.0,1697.42,0
150232.0,1697.31,0
150232.0,1697.31,0
147049.0,1696.8,0
65784.0,1695.75,0
38932.0,1694.94,0
42559.0,1694.5,0
51561.0,1694.36,0
61439.0,1693.19,0
125062.0,1692.0,0
54685.0,1691.82,0
48131.0,1691.57,0
27474.0,1691.44,0
46851.0,1691.09,0
38303.0,1691.02,0
49882.0,1691.0,0
144345.0,1690.57,0
144353.0,1690.57,0
63767.0,1688.55,0
65692.0,1687.76,0
70562.0,1687.37,0
155657.0,1686.59,0
41016.0,1686.1,0
59488.0,1684.35,0
75243.0,1683.77,0
41528.0,1682.61,0
33145.0,1682.36,0
113829.0,1681.28,0
96023.0,1680.0,0
144023.0,1679.49,0
28929.0,1679.35,0
23630.0,1678.88,0
131058.0,1678.0,0
135713.0,1678.0,0
153720.0,1677.2,0
122723.0,1676.6,0
136124.0,1676.6,0
136137.0,1676.6,0
135388.0,1674.4,0
159944.0,1673.61,0
132479.0,1673.0,0
53564.0,1672.55,0
54024.0,1671.09,0
23069.0,1670.28,0
113296.0,1670.25,0
146616.0,1669.55,0
145689.0,1668.7,0
138482.0,1666.95,0
62895.0,1666.4,0
124964.0,1664.31,0
36661.0,1663.75,0
36725.0,1663.75,0
61204.0,1663.49,0
67416.0,1663.1,0
156104.0,1660.0,0
122805.0,1658.2,0
131091.0,1658.2,0
37951.0,1658.01,0
43032.0,1658.0,0
27925.0,1657.54,0
41542.0,1656.58,0
40041.0,1656.24,0
150934.0,1655.13,0
165804.0,1655.08,0
135847.0,1654.1,0
164709.0,1653.07,0
56744.0,1651.53,0
71943.0,1651.28,0
130944.0,1651.0,0
4164.0,1650.0,0
130347.0,1650.0,0
59079.0,1649.85,0
143741.0,1647.0,0
69704.0,1645.59,0
161119.0,1645.46,0
161484.0,1645.46,0
162578.0,1645.46,0
162813.0,1645.46,0
48727.0,1645.3,0
39447.0,1644.95,0
56476.0,1644.77,0
117905.0,1644.07,0
62600.0,1644.0,0
129794.0,1643.27,0
121146.0,1643.0,0
46614.0,1641.0,0
78421.0,1640.77,0
129184.0,1640.35,0
144553.0,1639.87,0
52208.0,1638.5,0
23382.0,1638.04,0
73484.0,1636.92,0
78249.0,1636.2,0
141507.0,1635.02,0
32359.0,1631.61,0
144017.0,1630.91,0
51921.0,1630.56,0
142335.0,1629.93,0
168766.0,1629.0,0
163288.0,1628.8,0
119829.0,1628.66,0
89843.0,1628.27,0
152074.0,1626.77,0
147169.0,1624.88,0
72963.0,1624.12,0
30755.0,1623.38,0
75099.0,1622.89,0
116534.0,1620.72,0
5989.0,1620.53,0
126211.0,1619.79,0
31989.0,1619.1,0
136722.0,1619.0,0
149073.0,1618.42,0
152521.0,1618.02,0
45788.0,1617.58,0
45850.0,1617.27,0
24593.0,1617.12,0
166706.0,1617.04,0
78745.0,1616.0,0
81135.0,1616.0,0
137604.0,1614.3,0
147775.0,1613.02,0
135624.0,1610.6,0
135624.0,1610.6,0
137075.0,1610.6,0
160568.0,1610.58,0
109175.0,1610.24,0
149438.0,1609.65,0
63499.0,1608.89,0
39775.0,1608.84,0
77703.0,1608.66,0
105899.0,1605.57,0
37655.0,1605.41,0
129833.0,1605.0,0
119943.0,1604.58,0
123930.0,1603.42,0
656.0,1602.99,0
131563.0,1602.6,0
27330.0,1602.36,0
58384.0,1602.0,0
34872.0,1601.5,0
171759.0,1601.2,0
52342.0,1600.0,0
53275.0,1600.0,0
53676.0,1600.0,0
71516.0,1600.0,0
132374.0,1600.0,0
132475.0,1600.0,0
132795.0,1600.0,0
133207.0,1600.0,0
134238.0,1600.0,0
136018.0,1600.0,0
139086.0,1600.0,0
35585.0,1599.9,0
119116.0,1599.52,0
102142.0,1599.28,0
150214.0,1599.02,0
82895.0,1598.5,0
34473.0,1598.4,0
47543.0,1598.0,0
54507.0,1597.72,0
78832.0,1596.76,0
169677.0,1596.46,0
43868.0,1594.74,0
79617.0,1593.37,0
72057.0,1592.9,0
56167.0,1592.67,0
77726.0,1591.75,0
35518.0,1591.49,0
147437.0,1591.26,0
53764.0,1588.0,0
63464.0,1587.46,0
116127.0,1584.64,0
117609.0,1584.4,0
56481.0,1584.0,0
142512.0,1583.89,0
75691.0,1582.23,0
163487.0,1581.81,0
38536.0,1581.78,0
140452.0,1581.0,0
55460.0,1580.56,0
134058.0,1580.0,0
49643.0,1579.94,0
155125.0,1579.0,0
155506.0,1579.0,0
162694.0,1578.99,0
23310.0,1576.44,0
28398.0,1576.15,0
152313.0,1575.5,0
162763.0,1575.21,0
120332.0,1574.94,0
164848.0,1573.76,0
134636.0,1573.72,0
123810.0,1572.92,0
148290.0,1572.74,0
34854.0,1571.0,0
57710.0,1570.3,0
118174.0,1569.84,0
32984.0,1569.44,0
122647.0,1568.24,0
132308.0,1568.07,0
56781.0,1567.73,0
152452.0,1565.12,0
72400.0,1564.82,0
134021.0,1563.24,0
42181.0,1563.21,0
160105.0,1562.39,0
117313.0,1561.1,0
36150.0,1561.06,0
52068.0,1559.92,0
31117.0,1558.26,0
126188.0,1558.0,0
22630.0,1555.23,0
55282.0,1555.09,0
40543.0,1554.9,0
41679.0,1554.67,0
55796.0,1554.0,0
55987.0,1554.0,0
41411.0,1553.14,0
53785.0,1553.12,0
74558.0,1552.3,0
44472.0,1550.74,0
69780.0,1550.21,0
120260.0,1550.08,0
44567.0,1550.0,0
58536.0,1550.0,0
166393.0,1549.64,0
49808.0,1549.56,0
36145.0,1548.98,0
164075.0,1548.96,0
46553.0,1548.8,0
72894.0,1546.99,0
155204.0,1545.02,0
90237.0,1544.68,0
49549.0,1544.0,0
137051.0,1542.86,0
43244.0,1542.75,0
39625.0,1542.72,0
50012.0,1541.85,0
123971.0,1541.1,0
115644.0,1538.38,0
149820.0,1537.95,0
123149.0,1537.44,0
169969.0,1537.34,0
153528.0,1536.78,0
40149.0,1536.2,0
50021.0,1534.0,0
126009.0,1534.0,0
128176.0,1533.6,0
150236.0,1533.08,0
76304.0,1532.38,0
70320.0,1532.0,0
116878.0,1531.6,0
85604.0,1531.16,0
160616.0,1529.65,0
67890.0,1529.16,0
165034.0,1529.15,0
122158.0,1529.07,0
775.0,1528.9,0
75991.0,1526.92,0
49200.0,1525.0,0
44526.0,1524.51,0
55889.0,1523.28,0
26769.0,1523.15,0
68425.0,1522.4,0
43216.0,1522.35,0
59737.0,1522.1,0
147510.0,1522.0,0
34769.0,1520.43,0
34652.0,1520.0,0
105217.0,1519.97,0
36855.0,1519.6,0
131836.0,1519.59,0
48399.0,1519.0,0
81337.0,1517.89,0
33103.0,1517.49,0
56461.0,1516.7,0
56842.0,1516.7,0
62414.0,1516.7,0
64043.0,1516.7,0
72659.0,1516.33,0
54968.0,1516.1,0
35525.0,1516.0,0
139522.0,1515.8,0
34665.0,1515.68,0
54868.0,1514.97,0
77789.0,1513.26,0
25760.0,1512.52,0
61109.0,1511.35,0
65134.0,1510.99,0
151460.0,1510.84,0
63123.0,1510.0,0
169081.0,1510.0,0
55188.0,1509.09,0
42015.0,1508.2,0
46807.0,1508.18,0
36766.0,1505.78,0
75074.0,1505.61,0
133731.0,1505.13,0
154278.0,1504.93,1
136884.0,1504.05,0
65524.0,1503.94,0
160408.0,1503.75,0
127999.0,1503.36,0
35031.0,1502.43,0
57502.0,1502.36,0
131614.0,1501.5,0
35350.0,1500.0,0
37553.0,1500.0,0
40586.0,1500.0,0
40648.0,1500.0,0
44994.0,1500.0,0
54790.0,1500.0,0
56875.0,1500.0,0
66271.0,1500.0,0
74427.0,1500.0,0
119392.0,1500.0,0
119472.0,1500.0,0
122032.0,1500.0,0
135073.0,1500.0,0
138964.0,1500.0,0
139882.0,1500.0,0
145748.0,1500.0,0
76266.0,1499.92,0
42727.0,1499.84,0
68076.0,1499.3,0
27160.0,1499.0,0
42894.0,1499.0,0
49918.0,1499.0,0
65842.0,1499.0,0
148618.0,1499.0,0
128300.0,1498.26,0
56863.0,1498.0,0
167572.0,1496.66,0
123410.0,1495.68,0
26890.0,1494.8,0
68371.0,1494.77,0
48351.0,1494.74,0
62216.0,1490.48,0
59888.0,1490.46,0
22808.0,1490.22,0
126308.0,1490.0,0
171472.0,1489.4,0
61348.0,1486.87,0
71777.0,1486.7,0
46723.0,1486.0,0
141769.0,1484.7,0
153175.0,1484.67,0
172498.0,1484.66,0
145528.0,1484.37,0
129637.0,1483.28,0
51535.0,1483.0,0
139897.0,1482.56,0
32674.0,1481.74,0
119415.0,1481.65,0
3204.0,1480.0,0
45825.0,1480.0,0
143247.0,1480.0,0
156142.0,1479.9,0
156880.0,1479.88,0
34092.0,1479.0,0
139917.0,1477.4,0
138183.0,1476.0,0
133829.0,1475.49,0
123593.0,1474.46,0
33808.0,1474.44,0
88004.0,1474.08,0
50671.0,1472.96,0
83295.0,1472.42,0
48500.0,1472.0,0
37704.0,1471.97,0
74966.0,1471.6,0
164138.0,1470.28,0
70663.0,1470.12,0
144741.0,1470.0,0
29661.0,1469.38,0
54509.0,1469.02,0
149907.0,1468.17,0
41556.0,1468.0,0
64052.0,1467.75,0
131383.0,1466.48,0
66156.0,1465.93,0
119677.0,1465.48,0
41273.0,1464.94,0
118524.0,1464.75,0
148457.0,1464.6,0
48982.0,1464.44,0
120862.0,1464.32,0
165669.0,1464.25,0
148642.0,1464.1,0
43999.0,1463.62,0
38587.0,1462.12,0
5853.0,1461.84,0
147586.0,1460.1,0
129094.0,1458.05,0
66280.0,1457.85,0
51669.0,1457.0,0
64072.0,1457.0,0
77303.0,1456.59,0
38019.0,1456.21,0
44622.0,1456.16,0
32842.0,1456.08,0
62213.0,1456.03,0
160797.0,1456.0,0
122043.0,1455.5,0
3746.0,1455.37,0
46298.0,1455.3,0
170516.0,1454.95,0
34856.0,1454.72,0
167722.0,1454.55,0
147625.0,1454.29,0
53739.0,1454.0,0
153029.0,1452.0,0
165919.0,1452.0,0
63271.0,1451.34,0
138532.0,1451.3,0
33433.0,1450.16,0
143564.0,1450.0,0
39717.0,1449.83,0
33573.0,1448.46,0
3278.0,1447.71,0
58215.0,1446.27,0
124976.0,1445.8,0
125079.0,1445.8,0
138602.0,1445.0,0
40477.0,1443.06,0
40761.0,1442.69,0
67808.0,1442.0,0
168000.0,1442.0,0
54544.0,1441.77,0
71738.0,1441.49,0
71834.0,1441.49,0
160204.0,1441.06,0
160669.0,1441.06,0
160672.0,1441.06,0
140329.0,1440.0,0
160474.0,1438.73,0
37590.0,1437.08,0
53825.0,1436.88,0
56732.0,1436.06,0
148329.0,1436.03,0
146938.0,1435.5,0
155631.0,1435.5,0
127384.0,1435.0,0
117878.0,1434.92,0
66733.0,1434.0,0
56498.0,1433.24,0
53935.0,1432.8,0
56307.0,1432.0,0
134624.0,1432.0,0
50224.0,1430.8,0
58397.0,1430.0,0
40845.0,1429.0,0
61947.0,1428.7,0
117826.0,1428.44,0
41673.0,1427.0,0
41809.0,1425.0,0
126107.0,1425.0,0
34834.0,1424.93,0
139071.0,1424.65,0
86384.0,1424.0,0
71400.0,1423.62,0
60498.0,1423.54,0
142713.0,1422.95,0
149836.0,1420.43,0
146403.0,1420.0,0
63575.0,1419.5,0
132150.0,1418.4,0
113776.0,1418.25,0
139009.0,1417.86,0
38181.0,1417.42,0
141812.0,1417.29,0
146826.0,1415.31,0
42385.0,1414.88,0
51173.0,1414.74,0
44051.0,1413.86,0
145274.0,1413.35,0
145456.0,1413.35,0
60394.0,1412.26,0
43164.0,1411.98,0
65813.0,1411.22,0
87959.0,1411.16,0
37222.0,1411.0,0
14633.0,1410.02,0
46100.0,1410.0,0
146129.0,1409.9,0
51064.0,1408.9,0
77116.0,1408.75,0
81243.0,1408.5,0
84793.0,1408.3,0
10833.0,1408.29,0
162338.0,1408.29,0
137974.0,1408.27,0
127589.0,1408.0,0
76652.0,1407.22,0
59601.0,1406.88,0
32912.0,1406.63,0
158211.0,1406.4,0
129689.0,1406.18,0
118357.0,1405.18,0
50536.0,1404.96,0
153967.0,1404.75,0
153976.0,1404.75,0
80890.0,1404.74,0
124751.0,1404.28,0
45712.0,1403.91,0
46714.0,1403.58,0
141731.0,1403.13,0
36.0,1402.95,0
134033.0,1402.38,0
62467.0,1402.16,1
53385.0,1401.48,0
132462.0,1401.16,0
127605.0,1401.0,0
34025.0,1400.0,0
39927.0,1400.0,0
55485.0,1400.0,0
57949.0,1400.0,0
66246.0,1400.0,0
149891.0,1400.0,0
2720.0,1399.2,0
121521.0,1399.0,0
28337.0,1398.28,0
44388.0,1398.0,0
48554.0,1398.0,0
71363.0,1398.0,0
135684.0,1398.0,0
136078.0,1398.0,0
96485.0,1396.74,0
70396.0,1396.0,0
70513.0,1396.0,0
54860.0,1395.36,0
144191.0,1395.0,0
41444.0,1394.94,0
40220.0,1394.6,0
39677.0,1394.0,0
102759.0,1393.91,0
31844.0,1393.1,0
46406.0,1392.84,0
75497.0,1392.58,0
99293.0,1392.39,0
120920.0,1392.0,0
43429.0,1390.24,0
62466.0,1390.0,0
74436.0,1390.0,0
125845.0,1390.0,0
59011.0,1389.56,1
61449.0,1387.98,0
63076.0,1387.8,0
139222.0,1387.28,0
76356.0,1387.2,0
45968.0,1386.03,0
54479.0,1386.0,0
54502.0,1385.65,0
136668.0,1385.6,0
152760.0,1385.49,0
165859.0,1385.32,0
133783.0,1385.0,0
89381.0,1384.38,0
131542.0,1383.76,0
43397.0,1383.42,0
47906.0,1381.42,0
48468.0,1381.0,0
44247.0,1380.55,0
123125.0,1380.55,0
36434.0,1380.0,0
126662.0,1380.0,0
140927.0,1380.0,0
137665.0,1379.84,0
74946.0,1379.44,0
43896.0,1379.0,0
155843.0,1379.0,0
124012.0,1378.68,0
73244.0,1378.1,0
54994.0,1378.0,0
124217.0,1378.0,0
154394.0,1377.51,0
129938.0,1377.18,0
46536.0,1376.78,0
37953.0,1376.66,0
77521.0,1376.6,0
127548.0,1376.56,0
79126.0,1376.46,0
1103.0,1376.13,0
143300.0,1375.76,0
69967.0,1375.0,0
35176.0,1374.9,0
84274.0,1374.29,0
122763.0,1374.09,0
56141.0,1373.97,0
56665.0,1373.25,0
138537.0,1373.25,0
67802.0,1372.85,0
43119.0,1372.38,0
123966.0,1372.06,0
29983.0,1372.0,0
75803.0,1371.35,0
162422.0,1369.73,0
125422.0,1368.28,0
40941.0,1368.15,0
45980.0,1368.0,0
39319.0,1367.84,0
70273.0,1367.66,0
121347.0,1367.3,0
59795.0,1367.21,0
45129.0,1366.14,0
129740.0,1366.03,0
50636.0,1365.88,0
144751.0,1364.9,0
123527.0,1364.69,0
146422.0,1363.21,0
79300.0,1363.0,0
87725.0,1361.93,0
133728.0,1361.64,0
169837.0,1361.47,0
96320.0,1361.26,0
39217.0,1361.04,0
58814.0,1361.0,0
125576.0,1361.0,0
117949.0,1360.87,0
148811.0,1360.51,0
38485.0,1360.24,0
142956.0,1359.83,0
53054.0,1359.76,0
59481.0,1359.76,0
134294.0,1359.0,0
134611.0,1359.0,0
70606.0,1358.91,0
35526.0,1358.01,0
128625.0,1357.85,0
72816.0,1357.5,0
75686.0,1355.68,0
31704.0,1355.63,0
80542.0,1355.47,0
148793.0,1355.2,0
69425.0,1354.98,0
77686.0,1354.98,0
79450.0,1354.98,0
62288.0,1354.55,0
65385.0,1354.25,1
33906.0,1354.06,0
67072.0,1353.2,0
49208.0,1353.0,0
169858.0,1353.0,0
139985.0,1352.2,0
54119.0,1352.14,0
120052.0,1352.03,0
122286.0,1352.0,0
133299.0,1351.32,0
68325.0,1351.05,0
164783.0,1350.9,0
22322.0,1350.0,0
128823.0,1350.0,0
130552.0,1350.0,0
146546.0,1350.0,0
57728.0,1348.0,0
45656.0,1347.5,0
36723.0,1346.95,0
121918.0,1346.6,0
117475.0,1344.7,0
64852.0,1344.0,0
127421.0,1344.0,0
128978.0,1343.9,0
50707.0,1343.42,0
29645.0,1342.96,0
158504.0,1341.77,0
154352.0,1341.1,0
56265.0,1340.56,0
131077.0,1340.41,0
99349.0,1340.14,0
99349.0,1340.14,0
158181.0,1340.0,0
150958.0,1339.3,0
142842.0,1338.56,0
130161.0,1337.84,0
123475.0,1337.25,0
137483.0,1336.86,0
140345.0,1336.06,0
157641.0,1336.0,0
125140.0,1335.0,0
133182.0,1335.0,0
133184.0,1335.0,1
39913.0,1334.0,0
33466.0,1332.78,0
59877.0,1332.6,0
59990.0,1332.4,0
50062.0,1332.38,0
89402.0,1331.94,0
34050.0,1331.9,0
140925.0,1331.67,0
147483.0,1331.55,0
123046.0,1331.37,0
102840.0,1330.96,0
45829.0,1330.66,0
136020.0,1330.5,0
141862.0,1330.24,0
163319.0,1330.24,0
160654.0,1329.79,0
58864.0,1328.99,0
73828.0,1328.6,0
81678.0,1328.56,0
63343.0,1328.23,0
165893.0,1328.19,0
61600.0,1327.53,0
136323.0,1327.5,0
40341.0,1327.17,0
61495.0,1327.11,0
19045.0,1326.33,0
58549.0,1326.33,0
39487.0,1326.08,0
5909.0,1326.0,0
75853.0,1326.0,0
142900.0,1326.0,0
123350.0,1324.32,0
38695.0,1323.42,0
98390.0,1323.31,0
77790.0,1322.58,0
121707.0,1322.17,0
152444.0,1322.0,0
1937.0,1321.12,0
55869.0,1320.66,0
61237.0,1320.0,0
47207.0,1319.96,0
40884.0,1319.74,0
116731.0,1318.95,0
40825.0,1318.24,0
72761.0,1318.14,0
33320.0,1318.0,0
78760.0,1317.54,0
167802.0,1317.54,0
80124.0,1317.0,0
62414.0,1316.66,0
166017.0,1314.24,0
139820.0,1314.05,0
49319.0,1313.0,0
140185.0,1313.0,0
43370.0,1311.59,0
159088.0,1311.5,0
137546.0,1311.46,0
49427.0,1311.12,0
40474.0,1310.64,0
47359.0,1310.5,0
150699.0,1309.2,0
60880.0,1308.95,0
64380.0,1307.69,0
163500.0,1306.95,0
126382.0,1306.91,0
155568.0,1305.95,0
60052.0,1305.92,0
63466.0,1305.16,0
78707.0,1303.55,0
75904.0,1302.89,0
69778.0,1302.49,0
140712.0,1302.31,0
51540.0,1302.0,0
146209.0,1302.0,0
115852.0,1301.11,0
59054.0,1301.0,0
152853.0,1300.18,0
163507.0,1300.11,0
37947.0,1300.0,0
62535.0,1300.0,0
77357.0,1300.0,0
122139.0,1300.0,0
56815.0,1299.6,0
148951.0,1299.23,0
58681.0,1299.0,0
72529.0,1299.0,0
74969.0,1298.0,0
124276.0,1296.93,0
47252.0,1296.25,0
66076.0,1296.0,0
121152.0,1296.0,0
169934.0,1296.0,0
127591.0,1295.7,0
135241.0,1295.06,0
114645.0,1295.0,0
161072.0,1295.0,0
126797.0,1294.89,0
30314.0,1294.72,0
169547.0,1294.4,0
70842.0,1294.39,0
67327.0,1294.34,0
54067.0,1294.08,0
139902.0,1293.14,0
90002.0,1293.12,0
158996.0,1293.0,0
57503.0,1292.2,0
155216.0,1291.94,0
156116.0,1291.94,0
132878.0,1291.77,0
145601.0,1291.5,0
54128.0,1291.08,0
118203.0,1290.92,0
161647.0,1290.92,0
118196.0,1290.0,0
141874.0,1290.0,0
100631.0,1289.51,0
143277.0,1289.0,0
133891.0,1288.68,0
40139.0,1287.87,0
54506.0,1286.94,0
130388.0,1286.6,0
131024.0,1286.29,0
68526.0,1286.22,0
121030.0,1286.22,0
59704.0,1286.08,0
118716.0,1286.0,0
147109.0,1286.0,0
148059.0,1285.67,0
148140.0,1285.6,0
21973.0,1284.64,0
38950.0,1283.18,0
143568.0,1283.0,0
141468.0,1282.49,0
62405.0,1281.99,0
37103.0,1280.34,0
37104.0,1280.34,0
41190.0,1280.0,0
58650.0,1280.0,0
134337.0,1280.0,0
144705.0,1280.0,0
169816.0,1280.0,0
171396.0,1280.0,0
153055.0,1279.42,0
60995.0,1279.02,0
64852.0,1279.0,0
62027.0,1278.98,0
149683.0,1278.95,0
43528.0,1278.81,0
37016.0,1278.0,0
151492.0,1278.0,0
124358.0,1277.64,0
52540.0,1277.49,0
147208.0,1277.18,0
50725.0,1277.0,0
39763.0,1276.76,0
44520.0,1276.3,0
140674.0,1276.0,0
142277.0,1276.0,0
67132.0,1275.83,0
35924.0,1275.26,0
48989.0,1275.05,0
59305.0,1275.0,0
64544.0,1274.45,0
61362.0,1274.41,0
32281.0,1274.0,0
51795.0,1273.62,0
76669.0,1273.16,0
138221.0,1272.4,0
122684.0,1272.21,0
54453.0,1272.2,0
123789.0,1271.96,0
42992.0,1271.42,0
144615.0,1271.39,0
50248.0,1271.3,0
138467.0,1271.3,0
71599.0,1271.28,0
50898.0,1271.24,0
31724.0,1271.0,0
125648.0,1271.0,0
67046.0,1270.94,0
66067.0,1270.47,0
42067.0,1269.68,0
136187.0,1269.2,0
27924.0,1269.04,0
43594.0,1269.0,0
60724.0,1268.72,0
159851.0,1268.0,0
123665.0,1266.94,0
148973.0,1266.82,0
52370.0,1266.7,0
130873.0,1266.1,0
155291.0,1266.0,0
148151.0,1264.57,0
35092.0,1264.5,0
17915.0,1264.35,0
120799.0,1264.04,0
146515.0,1264.01,0
33458.0,1263.04,0
23466.0,1262.93,0
66025.0,1262.24,0
41649.0,1262.0,0
57312.0,1262.0,0
143174.0,1261.99,0
44214.0,1261.44,0
84350.0,1261.4,0
72047.0,1260.4,0
124265.0,1260.26,0
69342.0,1260.0,0
123395.0,1260.0,0
136843.0,1260.0,0
68157.0,1259.98,0
48807.0,1259.84,0
142464.0,1259.17,0
61278.0,1259.0,0
47994.0,1258.8,0
35350.0,1258.0,0
155767.0,1258.0,0
27787.0,1257.49,0
149840.0,1256.86,0
125509.0,1256.34,0
48222.0,1256.0,0
120637.0,1255.01,0
151368.0,1255.0,0
85509.0,1254.72,0
58425.0,1254.1,0
59904.0,1253.0,0
119343.0,1252.74,0
132351.0,1252.51,0
56650.0,1252.36,0
31456.0,1252.2,0
45966.0,1251.05,0
153065.0,1251.02,0
135324.0,1250.6,0
35599.0,1250.24,0
29671.0,1250.0,0
43579.0,1250.0,0
53879.0,1250.0,0
66573.0,1250.0,0
155879.0,1250.0,0
151622.0,1249.95,0
60334.0,1249.9,0
158727.0,1249.77,0
132494.0,1249.0,0
38392.0,1248.67,0
52775.0,1248.0,0
148705.0,1246.4,0
168594.0,1246.0,0
157588.0,1245.64,0
55960.0,1245.58,0
68418.0,1245.31,0
164830.0,1245.04,0
147947.0,1244.99,0
134146.0,1244.93,0
50170.0,1244.42,0
156325.0,1243.6,0
33764.0,1242.35,0
136482.0,1241.91,0
82174.0,1241.0,0
87669.0,1240.72,0
162059.0,1240.61,0
152547.0,1240.27,0
117777.0,1240.2,0
50080.0,1239.88,0
65655.0,1239.84,0
64963.0,1238.64,0
125086.0,1238.13,0
78747.0,1238.12,0
48160.0,1238.0,0
165003.0,1236.98,0
138894.0,1236.65,0
157594.0,1236.5,0
35464.0,1235.87,0
70891.0,1235.79,0
106812.0,1235.0,0
149192.0,1234.55,0
79298.0,1234.03,0
144841.0,1234.01,0
55128.0,1233.56,0
120374.0,1233.2,0
45024.0,1233.16,0
134166.0,1231.76,0
80131.0,1231.26,0
134990.0,1231.08,0
59149.0,1231.0,0
130198.0,1231.0,0
70521.0,1230.68,0
22222.0,1230.49,0
43417.0,1230.46,0
59237.0,1230.0,0
64748.0,1230.0,0
165717.0,1229.54,0
85073.0,1229.31,0
40949.0,1229.0,0
148412.0,1229.0,0
10820.0,1228.99,0
143705.0,1228.93,0
27773.0,1228.82,0
49624.0,1228.82,0
112390.0,1228.82,0
38506.0,1228.64,0
84413.0,1228.0,0
23642.0,1227.14,0
114963.0,1226.84,0
129231.0,1226.72,0
60816.0,1226.7,0
161507.0,1226.53,0
150169.0,1226.52,0
165991.0,1226.13,0
138468.0,1225.56,0
143092.0,1225.1,0
141844.0,1225.0,0
132813.0,1223.62,0
72239.0,1223.24,0
28427.0,1223.14,0
142272.0,1222.7,0
59813.0,1222.48,0
140715.0,1221.04,0
139221.0,1220.5,0
126232.0,1220.06,0
142834.0,1219.96,0
18088.0,1218.89,1
108348.0,1218.5,0
125380.0,1218.4,0
42583.0,1217.56,0
50921.0,1217.56,0
51768.0,1217.56,0
151602.0,1217.5,0
155238.0,1217.11,0
37283.0,1217.0,0
59343.0,1216.08,0
41523.0,1216.0,0
42155.0,1215.6,0
162765.0,1215.51,0
42309.0,1214.96,0
148441.0,1214.96,0
136128.0,1214.61,0
68109.0,1214.35,0
41455.0,1214.05,0
124889.0,1214.02,0
45282.0,1214.0,0
140279.0,1213.25,0
39402.0,1213.2,0
59405.0,1213.02,0
59511.0,1213.0,0
28949.0,1212.68,0
146319.0,1212.0,0
162652.0,1212.0,0
160626.0,1211.84,0
67044.0,1211.56,0
78771.0,1211.21,0
30840.0,1210.95,0
132170.0,1210.84,0
121588.0,1210.25,0
152578.0,1210.24,0
145773.0,1210.0,0
147063.0,1210.0,0
51030.0,1209.74,0
18229.0,1209.52,0
51752.0,1209.51,0
168638.0,1209.36,0
43035.0,1209.34,0
77262.0,1208.78,0
72497.0,1208.32,0
31388.0,1208.0,0
74070.0,1207.85,0
139436.0,1207.7,0
54834.0,1207.69,0
127621.0,1207.0,0
156177.0,1206.71,0
37470.0,1206.28,0
128077.0,1206.14,0
39717.0,1206.0,0
151935.0,1205.68,0
132221.0,1205.67,0
151719.0,1205.18,0
119815.0,1205.0,0
149002.0,1205.0,0
62413.0,1204.84,0
147050.0,1204.8,0
143218.0,1204.35,0
64667.0,1204.2,0
61700.0,1203.92,0
153005.0,1203.86,0
153080.0,1203.86,0
153176.0,1203.86,0
121580.0,1203.2,0
85177.0,1203.04,0
52731.0,1202.19,0
147012.0,1201.93,0
39954.0,1201.83,0
139257.0,1201.2,0
54874.0,1200.02,0
30714.0,1200.0,0
32879.0,1200.0,0
38685.0,1200.0,0
39138.0,1200.0,0
40275.0,1200.0,0
41493.0,1200.0,0
48272.0,1200.0,0
49004.0,1200.0,0
49070.0,1200.0,0
54825.0,1200.0,0
56231.0,1200.0,0
57789.0,1200.0,0
58339.0,1200.0,0
70695.0,1200.0,0
120577.0,1200.0,0
123565.0,1200.0,0
124528.0,1200.0,0
125163.0,1200.0,0
138850.0,1200.0,0
144264.0,1200.0,0
146394.0,1200.0,0
150720.0,1200.0,0
161718.0,1200.0,0
162582.0,1200.0,0
167289.0,1200.0,0
52974.0,1199.95,0
126760.0,1199.42,0
147704.0,1199.37,0
49177.0,1199.0,0
50792.0,1199.0,0
60741.0,1199.0,0
122736.0,1199.0,0
136209.0,1199.0,0
140057.0,1199.0,0
57252.0,1198.76,0
139105.0,1198.72,0
119019.0,1198.55,0
64118.0,1198.2,0
32243.0,1198.0,0
144154.0,1198.0,0
142440.0,1197.99,0
124246.0,1197.9,0
75981.0,1197.75,0
148812.0,1197.65,0
48737.0,1197.16,0
123984.0,1197.03,0
59947.0,1196.88,0
131306.0,1196.64,0
155138.0,1196.54,0
41286.0,1196.0,0
41266.0,1195.54,0
148958.0,1195.51,0
50107.0,1195.0,0
124008.0,1195.0,0
153702.0,1194.28,0
45953.0,1193.37,0
33658.0,1192.42,0
50468.0,1192.36,0
57661.0,1192.36,0
150175.0,1192.22,0
161101.0,1192.06,0
49078.0,1190.42,0
55512.0,1190.4,0
62293.0,1190.0,0
90707.0,1190.0,0
71835.0,1189.3,0
155120.0,1188.07,0
141198.0,1188.0,0
29634.0,1187.92,0
81421.0,1187.42,0
124172.0,1187.09,0
39683.0,1187.0,0
35745.0,1186.98,0
40259.0,1186.48,0
75933.0,1186.2,0
73305.0,1186.0,0
151711.0,1185.99,0
46681.0,1185.96,0
86692.0,1185.92,0
65305.0,1185.77,0
71971.0,1185.63,0
87123.0,1184.84,0
146930.0,1184.83,0
135500.0,1184.2,0
160446.0,1184.2,0
149481.0,1183.71,0
129471.0,1183.32,0
6557.0,1183.16,0
36830.0,1183.0,0
124820.0,1183.0,0
43122.0,1182.91,0
43132.0,1182.91,0
131141.0,1182.74,0
66003.0,1182.6,0
151604.0,1181.39,0
75537.0,1181.1,0
131429.0,1180.7,0
128441.0,1180.68,0
52226.0,1180.25,0
82744.0,1180.0,0
145356.0,1178.96,0
144440.0,1178.0,0
152243.0,1178.0,0
161179.0,1178.0,0
52674.0,1177.84,0
54691.0,1177.0,0
114742.0,1176.9,0
3766.0,1176.22,0
71923.0,1175.8,0
92189.0,1175.63,0
149603.0,1175.5,0
136369.0,1174.92,0
27235.0,1174.85,0
62700.0,1174.64,0
169572.0,1174.4,0
42571.0,1174.0,0
80017.0,1174.0,0
63929.0,1173.92,0
51780.0,1173.87,0
141613.0,1173.77,0
44050.0,1173.33,0
128430.0,1172.67,0
145279.0,1172.39,0
63316.0,1172.0,0
60100.0,1171.39,0
116249.0,1170.8,0
116249.0,1170.8,0
31944.0,1170.0,0
136116.0,1170.0,0
102779.0,1169.93,0
162045.0,1169.92,0
47015.0,1169.88,0
50801.0,1169.5,0
5793.0,1169.47,0
6648.0,1169.47,0
40292.0,1169.4,0
165714.0,1169.12,0
83026.0,1169.05,0
40649.0,1168.84,0
37086.0,1168.8,0
46328.0,1168.71,0
33540.0,1167.96,0
122818.0,1167.5,0
41228.0,1167.04,0
123569.0,1167.0,0
31537.0,1166.92,0
158664.0,1165.75,0
78606.0,1164.52,0
46488.0,1164.36,0
129446.0,1164.31,0
26891.0,1164.0,0
162834.0,1163.91,0
163259.0,1163.91,0
52606.0,1163.52,0
41178.0,1163.5,0
41817.0,1163.5,0
128835.0,1163.43,0
122841.0,1163.0,0
128376.0,1162.8,0
156290.0,1162.55,0
138701.0,1162.47,0
141824.0,1162.47,0
141847.0,1162.47,0
58340.0,1162.08,0
102883.0,1161.73,0
126325.0,1160.9,0
67115.0,1160.58,0
41189.0,1159.67,0
125211.0,1159.24,0
30046.0,1158.72,0
151580.0,1158.3,0
24878.0,1158.0,0
45571.0,1158.0,0
59232.0,1158.0,0
145425.0,1158.0,0
39559.0,1157.32,0
39694.0,1157.32,0
40221.0,1157.32,0
40309.0,1157.32,0
40324.0,1157.32,0
129542.0,1156.69,0
168053.0,1156.19,0
52138.0,1156.0,0
64539.0,1156.0,0
120989.0,1156.0,0
152869.0,1156.0,0
48671.0,1155.54,0
57937.0,1155.54,0
138062.0,1155.54,0
138830.0,1155.54,0
151504.0,1155.54,0
144568.0,1155.0,0
141633.0,1154.94,0
166961.0,1154.47,0
146292.0,1154.26,0
33552.0,1154.02,0
74256.0,1153.51,0
79606.0,1152.41,0
83101.0,1152.0,0
159135.0,1151.88,0
143641.0,1150.59,0
158355.0,1150.12,0
42212.0,1150.0,0
62268.0,1150.0,0
62623.0,1150.0,0
146218.0,1150.0,0
148600.0,1150.0,0
48467.0,1149.5,0
76936.0,1149.12,0
32444.0,1149.0,0
45915.0,1149.0,0
142465.0,1149.0,0
43694.0,1148.99,0
67936.0,1148.8,0
116408.0,1148.6,0
80491.0,1148.4,0
146168.0,1148.0,0
35267.0,1147.2,0
35394.0,1147.2,0
126650.0,1147.2,0
75292.0,1146.88,0
45170.0,1146.66,0
150073.0,1146.53,0
39418.0,1146.37,0
171682.0,1146.0,0
155686.0,1145.92,0
63281.0,1145.8,0
45685.0,1145.15,0
60171.0,1144.93,0
137405.0,1144.54,0
129094.0,1144.5,0
57336.0,1144.0,0
64570.0,1143.92,0
79991.0,1143.92,0
138401.0,1143.84,0
144010.0,1143.55,0
73246.0,1143.4,0
154846.0,1143.18,0
59.0,1142.02,0
60308.0,1142.0,0
49907.0,1141.8,0
74800.0,1141.67,0
116168.0,1141.35,0
131055.0,1141.33,0
79267.0,1140.99,0
51882.0,1140.61,0
152560.0,1140.48,0
37219.0,1140.44,0
12151.0,1140.0,0
37772.0,1140.0,0
41431.0,1140.0,0
157366.0,1140.0,0
53289.0,1139.56,0
44009.0,1139.5,0
80002.0,1139.24,0
61220.0,1138.26,0
125518.0,1138.07,0
155558.0,1138.0,0
145365.0,1137.86,0
145508.0,1137.84,0
40062.0,1137.53,0
87880.0,1137.36,0
123275.0,1136.78,0
74230.0,1136.36,0
85581.0,1136.36,0
122717.0,1136.02,0
118582.0,1135.82,0
51854.0,1135.25,0
148655.0,1135.04,0
74206.0,1134.94,0
132695.0,1134.94,0
162380.0,1134.6,0
121369.0,1134.56,0
52091.0,1134.09,0
164552.0,1134.03,0
162676.0,1133.88,0
23232.0,1133.14,0
78060.0,1133.0,0
144288.0,1132.9,0
120159.0,1132.32,0
40835.0,1131.81,0
50703.0,1131.68,0
117290.0,1131.24,0
146077.0,1131.21,0
125892.0,1130.65,0
43006.0,1130.46,0
60729.0,1130.0,0
116218.0,1130.0,0
138334.0,1130.0,0
153003.0,1129.99,0
56958.0,1129.92,0
61036.0,1129.92,0
164062.0,1129.82,0
45237.0,1129.5,0
52405.0,1129.35,0
123310.0,1129.28,0
5164.0,1129.1,0
71862.0,1129.0,0
151487.0,1129.0,0
135923.0,1128.9,0
36822.0,1128.5,0
138921.0,1128.35,0
125355.0,1128.2,0
125639.0,1128.2,0
1267.0,1127.78,0
139008.0,1127.78,0
125112.0,1127.49,0
76321.0,1127.04,0
58060.0,1127.0,0
75311.0,1126.96,0
75618.0,1126.36,0
77436.0,1126.0,0
155059.0,1126.0,0
56211.0,1125.0,0
69991.0,1125.0,0
158497.0,1125.0,0
52171.0,1124.97,0
37460.0,1124.94,0
44119.0,1124.25,0
129569.0,1123.98,0
38925.0,1123.94,0
126252.0,1123.64,0
71189.0,1123.55,0
22722.0,1123.16,0
54771.0,1122.26,0
146620.0,1122.16,0
76141.0,1122.11,0
144724.0,1122.0,0
34281.0,1121.37,0
73133.0,1121.22,0
164536.0,1120.8,0
124680.0,1120.18,0
61208.0,1120.0,0
43940.0,1119.79,0
124748.0,1118.98,0
79046.0,1118.05,0
28883.0,1118.0,0
145114.0,1117.84,0
59464.0,1117.44,0
147717.0,1117.0,0
141145.0,1116.43,0
119542.0,1115.66,0
76016.0,1115.47,0
161717.0,1115.15,0
168939.0,1115.06,0
79160.0,1114.1,0
7522.0,1114.02,0
172397.0,1114.0,0
58560.0,1113.08,0
75346.0,1112.94,0
69649.0,1112.9,0
165839.0,1112.64,0
74812.0,1112.4,0
136648.0,1110.95,0
154692.0,1110.83,0
39283.0,1110.72,0
30770.0,1110.56,0
39529.0,1110.46,0
36826.0,1110.4,0
126042.0,1110.32,0
165082.0,1110.05,0
75770.0,1109.76,0
1519.0,1109.2,0
40437.0,1108.39,0
52875.0,1108.09,0
35885.0,1108.0,0
123868.0,1107.89,0
120920.0,1107.65,0
123624.0,1107.16,0
147154.0,1106.75,0
151461.0,1106.75,0
154488.0,1106.75,0
128260.0,1106.42,0
129327.0,1106.04,0
43697.0,1105.99,0
155438.0,1105.99,0
131567.0,1105.78,0
37950.0,1105.5,0
155324.0,1103.37,0
38980.0,1103.16,0
86190.0,1103.11,0
168576.0,1103.0,0
36970.0,1102.88,0
32370.0,1102.8,0
115706.0,1102.8,0
128258.0,1102.37,0
51053.0,1102.31,0
139744.0,1101.2,0
125630.0,1101.04,0
128376.0,1101.0,0
164852.0,1101.0,0
70638.0,1100.4,0
37652.0,1100.0,0
43855.0,1100.0,0
45565.0,1100.0,0
52943.0,1100.0,0
74639.0,1100.0,0
77390.0,1100.0,0
120596.0,1100.0,0
123944.0,1100.0,0
126268.0,1100.0,0
141984.0,1100.0,0
148727.0,1100.0,0
128593.0,1099.67,0
42397.0,1099.28,0
47915.0,1099.0,0
83113.0,1099.0,0
84574.0,1099.0,0
128589.0,1099.0,0
118844.0,1098.21,0
35497.0,1098.0,0
144039.0,1098.0,0
144197.0,1098.0,0
126993.0,1097.84,0
72884.0,1097.1,0
154309.0,1096.99,1
162760.0,1096.63,0
60987.0,1096.56,0
63467.0,1096.56,0
79630.0,1096.38,0
132788.0,1096.32,0
143777.0,1096.04,0
141454.0,1096.0,0
76097.0,1095.97,0
61373.0,1095.0,0
60097.0,1094.99,0
128151.0,1094.65,0
141494.0,1094.24,0
67564.0,1094.12,0
140842.0,1093.99,0
72724.0,1093.95,0
168964.0,1093.36,0
120379.0,1093.0,0
33008.0,1092.9,0
155877.0,1092.5,0
135095.0,1092.48,0
70491.0,1092.0,0
85142.0,1091.67,0
80749.0,1090.58,0
49649.0,1090.52,0
128213.0,1090.4,0
57879.0,1090.36,0
52733.0,1090.16,0
77715.0,1090.0,0
130493.0,1090.0,0
137607.0,1090.0,0
147180.0,1090.0,0
139285.0,1089.48,0
164085.0,1089.47,0
154009.0,1089.24,0
165021.0,1089.05,0
158558.0,1088.96,0
41635.0,1088.91,0
164913.0,1088.86,0
144715.0,1088.72,0
66436.0,1088.6,0
54914.0,1088.59,0
42945.0,1088.52,0
172199.0,1088.04,0
154157.0,1088.0,0
48068.0,1086.77,0
40284.0,1086.5,0
40993.0,1086.5,0
40641.0,1086.36,0
129400.0,1086.18,0
122601.0,1086.0,0
72436.0,1085.6,0
140841.0,1084.89,0
78957.0,1084.71,0
107652.0,1084.69,0
79686.0,1084.45,0
59077.0,1084.0,0
117984.0,1084.0,0
140079.0,1084.0,0
83684.0,1083.94,0
34230.0,1083.74,0
142289.0,1083.39,0
39577.0,1083.18,0
137511.0,1082.67,0
34350.0,1082.53,0
63274.0,1082.43,0
117351.0,1081.8,0
139381.0,1081.5,0
170878.0,1080.76,0
62619.0,1080.12,0
55804.0,1080.06,0
34317.0,1080.0,0
54461.0,1080.0,0
160515.0,1080.0,0
59635.0,1079.74,0
125533.0,1079.32,0
65984.0,1078.16,0
76286.0,1078.0,0
85534.0,1078.0,0
163732.0,1077.35,0
167864.0,1077.0,0
120156.0,1076.9,0
59604.0,1076.26,0
36504.0,1076.04,0
49373.0,1075.96,0
73453.0,1075.54,0
155542.0,1075.54,0
34349.0,1075.38,0
118398.0,1075.33,0
118496.0,1075.03,0
61324.0,1074.8,0
80492.0,1074.8,0
84218.0,1074.6,0
50890.0,1074.09,0
147157.0,1073.87,0
61444.0,1073.71,0
126951.0,1073.62,0
54066.0,1073.58,0
117501.0,1073.55,0
119690.0,1073.52,0
84014.0,1073.4,0
41962.0,1071.98,0
151071.0,1071.5,0
110055.0,1071.11,0
131538.0,1071.08,0
51084.0,1071.0,0
126111.0,1070.5,0
142770.0,1070.3,0
58199.0,1070.0,0
78214.0,1069.98,0
71582.0,1069.49,0
145332.0,1069.32,0
69315.0,1069.29,0
129184.0,1069.25,0
3042.0,1068.62,0
51862.0,1068.55,0
51941.0,1068.55,0
52010.0,1068.55,0
114140.0,1068.55,0
74485.0,1068.0,0
82940.0,1067.99,0
37096.0,1067.6,0
143232.0,1067.46,0
125657.0,1067.21,0
143813.0,1067.21,0
64110.0,1066.37,0
135172.0,1066.18,0
127887.0,1066.1,0
64128.0,1066.0,0
46683.0,1065.73,0
147039.0,1065.62,0
75942.0,1065.4,0
126052.0,1064.9,0
138945.0,1064.82,0
143763.0,1064.41,0
41029.0,1064.35,0
84871.0,1064.04,0
51422.0,1064.0,0
163673.0,1064.0,0
144263.0,1063.57,0
80390.0,1063.52,0
127897.0,1063.28,0
142556.0,1063.18,0
14355.0,1062.72,0
77182.0,1061.79,0
51709.0,1061.69,0
28778.0,1061.44,0
84098.0,1061.25,0
84649.0,1061.25,0
85077.0,1061.17,0
137453.0,1061.17,0
140359.0,1060.85,0
144917.0,1060.74,0
137229.0,1060.3,0
59604.0,1060.17,0
55731.0,1060.0,0
147231.0,1060.0,0
37339.0,1059.95,0
136599.0,1059.75,0
149133.0,1059.28,0
50996.0,1059.07,0
163484.0,1058.76,0
150015.0,1058.0,0
61549.0,1057.91,0
37005.0,1057.9,0
50184.0,1057.82,0
66991.0,1057.32,0
125070.0,1056.93,0
156392.0,1056.57,0
73793.0,1056.0,0
157497.0,1055.9,0
60216.0,1055.19,0
1850.0,1055.12,0
9105.0,1055.0,0
126595.0,1054.96,0
40292.0,1054.86,0
41656.0,1054.75,0
84248.0,1054.46,0
140396.0,1054.42,0
146573.0,1054.14,0
63997.0,1054.0,0
97243.0,1053.99,0
123858.0,1053.85,0
57285.0,1053.72,0
35473.0,1053.55,0
146588.0,1053.31,0
44985.0,1053.0,0
132394.0,1052.92,0
147286.0,1052.9,0
155528.0,1052.55,0
76442.0,1050.82,0
141678.0,1050.6,0
34372.0,1050.45,0
130073.0,1050.3,0
132024.0,1050.2,0
51870.0,1050.0,0
66540.0,1050.0,0
79263.0,1050.0,0
127742.0,1050.0,0
131864.0,1050.0,0
158943.0,1050.0,0
77746.0,1049.91,0
139052.0,1049.61,0
82280.0,1049.0,0
137302.0,1048.78,0
139835.0,1048.61,0
67367.0,1048.58,0
62017.0,1048.25,0
146784.0,1047.08,0
44004.0,1047.0,0
125026.0,1046.99,0
42659.0,1046.0,0
56049.0,1045.76,0
35470.0,1045.63,0
34785.0,1044.06,0
82899.0,1044.0,0
91872.0,1043.64,0
3052.0,1043.56,0
162273.0,1043.52,0
126932.0,1043.32,0
27126.0,1043.0,0
43849.0,1043.0,0
157180.0,1042.89,0
128683.0,1042.8,0
34904.0,1042.22,0
59822.0,1041.88,0
97405.0,1041.76,0
125326.0,1041.16,0
78785.0,1040.96,0
122288.0,1040.84,0
120153.0,1040.38,0
130109.0,1040.24,0
46509.0,1040.0,0
155255.0,1040.0,0
40156.0,1039.92,0
59970.0,1039.89,0
63433.0,1039.5,0
29157.0,1039.31,0
75064.0,1038.99,0
45367.0,1038.77,0
150593.0,1038.6,0
127726.0,1038.11,0
134857.0,1038.1,0
73928.0,1038.0,0
146635.0,1038.0,0
130500.0,1037.92,0
131637.0,1037.85,0
121958.0,1036.93,0
122718.0,1036.56,0
52252.0,1036.49,0
128518.0,1036.47,0
62059.0,1035.93,0
61974.0,1035.83,0
57156.0,1035.82,0
36036.0,1035.25,0
40970.0,1035.18,0
146256.0,1035.0,0
9048.0,1034.35,0
97027.0,1034.19,0
125395.0,1033.24,0
35538.0,1033.2,0
36062.0,1033.2,0
123773.0,1032.85,0
160634.0,1032.8,0
80455.0,1032.0,0
126367.0,1031.86,0
141625.0,1031.85,0
78408.0,1031.49,0
70112.0,1031.42,0
35893.0,1031.06,0
43566.0,1030.76,0
157462.0,1030.68,0
74172.0,1030.4,0
63378.0,1030.26,0
28956.0,1030.1,0
135827.0,1030.0,0
59749.0,1029.89,0
63513.0,1029.76,0
32107.0,1029.75,0
26043.0,1029.64,0
151368.0,1029.48,0
36260.0,1029.2,0
46752.0,1029.0,0
45240.0,1028.9,0
58212.0,1028.9,0
47107.0,1028.85,0
32301.0,1028.0,0
77386.0,1028.0,0
134629.0,1027.74,0
79689.0,1027.42,0
127266.0,1027.15,0
82474.0,1026.9,0
132333.0,1026.72,0
171943.0,1026.46,0
73523.0,1026.0,0
132080.0,1026.0,0
92380.0,1025.92,0
142307.0,1025.8,0
51652.0,1025.76,0
145978.0,1025.69,0
122807.0,1025.64,0
39992.0,1025.3,0
43775.0,1025.0,0
47085.0,1025.0,0
119550.0,1025.0,0
170009.0,1024.84,0
124566.0,1024.58,0
146063.0,1024.08,0
126307.0,1023.93,0
142001.0,1023.54,0
39892.0,1023.22,0
169287.0,1023.16,0
39006.0,1023.14,0
37014.0,1022.98,0
127363.0,1022.78,0
124548.0,1022.42,0
55051.0,1022.4,0
77668.0,1022.31,0
140829.0,1021.97,0
116172.0,1021.31,0
75802.0,1021.0,0
156433.0,1020.98,0
124848.0,1020.8,0
56084.0,1020.39,0
139228.0,1020.0,0
142143.0,1020.0,0
103080.0,1018.98,0
133798.0,1018.92,0
40720.0,1018.56,0
89090.0,1018.43,0
138740.0,1018.12,0
